Time,Workstation A,Workstation B,Workstation C,Workstation D,Workstation E,Workstation F,Truck Slot 1,Truck Slot 2,Truck Slot 3,Truck Slot 4,Truck Slot 5,Destination
0,6,,,,,,1,2,3,4,5,Y
5,7,6,,,,,1,2,3,4,5,Y
10,8,6,7,,,,1,2,3,4,5,Y
15,9,6,7,,,,1,2,3,4,5,Y
20,10,8,7,,,,1,2,3,4,5,Y
25,6,8,9,1,2,,,,,,,X
30,6,8,9,3,4,,,,,,,X
35,7,10,9,5,,,,,,,,X
40,7,10,,,,,,,,,,X
45,8,10,,,,,,,,,,X
50,8,,,,,,6,7,9,11,12,Y
55,10,,,,,,6,7,9,11,12,Y
60,10,,,,,,6,7,9,11,12,Y
65,13,,,,,,6,7,9,11,12,Y
70,14,13,,,,,6,7,9,11,12,Y
75,15,13,14,6,9,7,1,2,3,4,5,X
80,16,13,14,6,11,7,1,2,3,4,5,X
85,17,15,14,6,12,9,1,2,3,4,5,X
90,13,15,16,,7,9,1,2,3,4,5,X
95,13,15,16,,7,,1,2,3,4,5,X
100,20,17,16,,7,,8,10,14,18,19,Y
105,15,17,1,,6,7,8,10,14,18,19,Y
110,15,17,1,,6,7,8,10,14,18,19,Y
115,16,2,1,,6,,8,10,14,18,19,Y
120,16,2,3,,9,6,8,10,14,18,19,Y
125,17,2,3,8,9,6,11,12,,,,X
130,17,4,3,8,9,10,11,12,,,,X
135,1,4,5,8,14,10,11,12,,,,X
140,1,4,5,18,8,9,11,12,,,,X
145,2,20,5,14,8,9,11,12,,,,X
150,2,20,11,14,8,,13,15,16,17,1,Y
155,3,20,11,14,10,8,13,15,16,17,1,Y
160,3,12,11,19,10,8,13,15,16,17,1,Y
165,4,12,,,10,,13,15,16,17,1,Y
170,4,12,,,14,10,13,15,16,17,1,Y
175,5,,,13,14,10,18,19,,,,X
180,5,,,13,14,15,18,19,,,,X
185,20,,,13,,15,18,19,,,,X
190,20,,,16,13,14,18,19,,,,X
195,11,,,16,13,14,18,19,,,,X
200,11,18,19,16,13,17,2,3,4,5,20,Y
205,12,18,19,1,15,17,2,3,4,5,20,Y
210,12,18,19,1,15,13,2,3,4,5,20,Y
215,21,,,1,15,13,2,3,4,5,20,Y
220,18,21,,,16,15,2,3,4,5,20,Y
225,18,21,,2,16,15,17,1,,,,X
230,19,21,,2,16,3,17,1,,,,X
235,19,,,2,,3,17,1,,,,X
240,21,,,4,2,16,17,1,,,,X
245,21,,,4,2,16,17,1,,,,X
250,23,,17,4,2,5,11,12,18,19,22,Y
255,24,23,17,20,3,5,11,12,18,19,22,Y
260,25,23,1,20,3,2,11,12,18,19,22,Y
265,26,23,1,20,3,2,11,12,18,19,22,Y
270,27,17,24,,4,3,11,12,18,19,22,Y
275,23,17,24,11,4,3,5,20,,,,X
280,23,1,24,11,4,12,5,20,,,,X
285,28,1,25,11,22,12,5,20,,,,X
290,24,26,25,18,11,4,5,20,,,,X
295,24,26,25,18,11,4,5,20,,,,X
300,32,26,5,18,11,19,21,23,29,30,31,Y
305,25,27,5,,12,19,21,23,29,30,31,Y
310,25,27,20,,12,11,21,23,29,30,31,Y
315,26,27,20,,12,11,21,23,29,30,31,Y
320,26,5,28,,18,12,21,23,29,30,31,Y
325,27,5,28,21,18,12,22,19,,,,X
330,27,20,28,21,18,23,22,19,,,,X
335,33,20,32,21,29,23,22,19,,,,X
340,28,33,32,30,21,18,22,19,,,,X
345,28,33,32,31,21,18,22,19,,,,X
350,35,33,19,,21,,24,25,26,27,34,Y
355,32,22,19,,23,21,24,25,26,27,34,Y
360,32,22,35,,23,21,24,25,26,27,34,Y
365,33,22,35,,23,,24,25,26,27,34,Y
370,33,19,35,,,23,24,25,26,27,34,Y
375,22,19,,24,34,23,29,30,31,,,X
380,22,,,24,,25,29,30,31,,,X
385,35,,,24,,25,29,30,31,,,X
390,35,,,26,24,27,29,30,31,,,X
395,36,,,26,24,27,29,30,31,,,X
400,37,29,30,26,24,,28,32,33,22,35,Y
405,38,29,30,,25,24,28,32,33,22,35,Y
410,39,29,30,,25,24,28,32,33,22,35,Y
415,40,31,36,,25,,28,32,33,22,35,Y
420,29,31,36,,27,25,28,32,33,22,35,Y
425,29,31,36,28,27,25,34,26,,,,X
430,30,37,38,28,27,32,34,26,,,,X
435,30,37,38,28,,32,34,26,,,,X
440,31,37,38,33,28,27,34,26,,,,X
445,31,39,40,33,28,27,34,26,,,,X
450,41,39,40,33,28,22,29,30,36,37,38,Y
455,42,39,40,35,32,22,29,30,36,37,38,Y
460,43,34,26,35,32,28,29,30,36,37,38,Y
465,39,34,26,35,32,28,29,30,36,37,38,Y
470,39,34,41,,33,32,29,30,36,37,38,Y
475,40,26,41,29,33,32,22,35,,,,X
480,40,26,41,29,33,30,22,35,,,,X
485,34,42,43,29,36,30,22,35,,,,X
490,34,42,43,,29,33,22,35,,,,X
495,41,42,43,36,29,33,22,35,,,,X
500,41,,22,36,29,,31,39,40,34,44,Y
505,42,,22,36,30,29,31,39,40,34,44,Y
510,42,,35,,30,29,31,39,40,34,44,Y
515,43,22,35,,30,,31,39,40,34,44,Y
520,43,22,,,36,30,31,39,40,34,44,Y
525,45,35,,31,36,30,,,,,,X
530,46,35,45,31,36,39,,,,,,X
535,47,46,45,31,37,39,,,,,,X
540,48,46,45,40,31,36,,,,,,X
545,49,46,47,40,31,36,,,,,,X
550,51,48,47,40,31,34,41,42,43,45,50,Y
555,46,48,47,37,39,34,41,42,43,45,50,Y
560,46,48,49,37,39,31,41,42,43,45,50,Y
565,47,51,49,37,39,31,41,42,43,45,50,Y
570,47,51,49,44,40,39,41,42,43,45,50,Y
575,48,51,,41,40,39,34,37,,,,X
580,48,,,41,40,42,34,37,,,,X
585,49,,,41,38,42,34,37,,,,X
590,49,,,43,41,40,34,37,,,,X
595,51,,,43,41,40,34,37,,,,X
600,51,,34,43,41,38,46,47,48,49,52,Y
605,53,,34,50,42,38,46,47,48,49,52,Y
610,54,53,37,,42,41,46,47,48,49,52,Y
615,55,53,37,,42,41,46,47,48,49,52,Y
620,56,53,54,,43,42,46,47,48,49,52,Y
625,57,34,54,46,43,42,44,50,38,,,X
630,53,34,54,46,43,47,44,50,38,,,X
635,53,37,55,46,45,47,44,50,38,,,X
640,54,37,55,48,46,43,44,50,38,,,X
645,54,56,55,48,46,43,44,50,38,,,X
650,61,56,38,48,46,49,51,53,58,59,60,Y
655,55,56,38,45,47,49,51,53,58,59,60,Y
660,55,57,44,45,47,46,51,53,58,59,60,Y
665,56,57,44,45,47,46,51,53,58,59,60,Y
670,56,57,44,52,48,47,51,53,58,59,60,Y
675,62,38,50,51,48,47,49,45,,,,X
680,57,38,50,51,48,53,49,45,,,,X
685,57,61,50,51,58,53,49,45,,,,X
690,44,61,62,59,51,48,49,45,,,,X
695,44,61,62,60,51,48,49,45,,,,X
700,63,,62,,51,,54,55,56,57,50,Y
705,61,63,49,,53,51,54,55,56,57,50,Y
710,61,63,49,,53,51,54,55,56,57,50,Y
715,62,63,45,,53,,54,55,56,57,50,Y
720,62,49,45,,,53,54,55,56,57,50,Y
725,63,49,,54,50,53,52,58,59,60,,X
730,63,45,,54,,55,52,58,59,60,,X
735,64,45,,54,,55,52,58,59,60,,X
740,65,64,,56,54,57,52,58,59,60,,X
745,66,64,65,56,54,57,52,58,59,60,,X
750,68,64,65,56,54,50,44,61,62,63,67,Y
755,69,52,65,,55,50,44,61,62,63,67,Y
760,64,52,58,,55,54,44,61,62,63,67,Y
765,64,52,58,,55,54,44,61,62,63,67,Y
770,65,59,58,,57,55,44,61,62,63,67,Y
775,65,59,60,44,57,55,56,50,,,,X
780,52,59,60,44,57,61,56,50,,,,X
785,52,66,60,44,67,61,56,50,,,,X
790,58,66,68,62,44,57,56,50,,,,X
795,58,66,68,62,44,57,56,50,,,,X
800,70,69,68,62,44,63,64,65,52,59,60,Y
805,66,69,56,,61,63,64,65,52,59,60,Y
810,66,69,56,,61,44,64,65,52,59,60,Y
815,68,70,50,,61,44,64,65,52,59,60,Y
820,68,70,50,,62,61,64,65,52,59,60,Y
825,69,70,,64,62,61,67,63,,,,X
830,69,56,,64,62,65,67,63,,,,X
835,70,56,,64,59,65,67,63,,,,X
840,70,50,,52,64,62,67,63,,,,X
845,71,50,,52,64,62,67,63,,,,X
850,72,67,63,52,64,59,58,66,68,69,70,Y
855,73,67,63,,65,59,58,66,68,69,70,Y
860,74,67,71,,65,64,58,66,68,69,70,Y
865,75,63,71,,65,64,58,66,68,69,70,Y
870,67,63,71,,52,65,58,66,68,69,70,Y
875,67,72,73,58,52,65,59,,,,,X
880,71,72,73,58,52,66,59,,,,,X
885,71,72,73,58,60,66,59,,,,,X
890,76,74,75,68,58,52,59,,,,,X
895,72,74,75,68,58,52,59,,,,,X
900,72,74,75,68,58,69,67,71,73,77,78,Y
905,79,76,59,70,66,69,67,71,73,77,78,Y
910,74,76,59,70,66,58,67,71,73,77,78,Y
915,74,76,79,70,66,58,67,71,73,77,78,Y
920,75,59,79,60,68,66,67,71,73,77,78,Y
925,75,59,79,60,68,66,69,70,,,,X
930,76,,,60,68,67,69,70,,,,X
935,76,,,71,60,67,69,70,,,,X
940,79,,,71,60,68,69,70,,,,X
945,79,,,71,60,68,69,70,,,,X
950,81,,69,77,67,60,72,74,75,76,80,Y
955,82,81,69,78,67,60,72,74,75,76,80,Y
960,83,81,70,,67,,72,74,75,76,80,Y
965,84,81,70,,71,67,72,74,75,76,80,Y
970,85,69,82,,71,67,72,74,75,76,80,Y
975,81,69,82,72,71,74,77,78,,,,X
980,81,70,82,72,73,74,77,78,,,,X
985,86,70,83,72,80,71,77,78,,,,X
990,82,84,83,75,74,71,77,78,,,,X
995,82,84,83,75,74,76,77,78,,,,X
1000,90,84,85,75,74,76,79,81,87,88,89,Y
1005,83,86,85,73,72,74,79,81,87,88,89,Y
1010,83,86,85,73,72,74,79,81,87,88,89,Y
1015,84,86,77,73,72,,79,81,87,88,89,Y
1020,84,78,77,,75,72,79,81,87,88,89,Y
1025,85,78,77,79,75,72,80,76,73,,,X
1030,85,78,90,79,75,81,80,76,73,,,X
1035,86,,90,79,87,81,80,76,73,,,X
1040,86,,90,88,79,75,80,76,73,,,X
1045,77,,,89,79,75,80,76,73,,,X
1050,77,80,76,,79,,82,83,84,85,86,Y
1055,78,80,76,,81,79,82,83,84,85,86,Y
1060,78,80,73,,81,79,82,83,84,85,86,Y
1065,90,76,73,,81,,82,83,84,85,86,Y
1070,90,76,,,,81,82,83,84,85,86,Y
1075,80,73,,82,,81,87,88,89,,,X
1080,80,73,,82,,83,87,88,89,,,X
1085,91,,,82,,83,87,88,89,,,X
1090,92,91,,84,82,85,87,88,89,,,X
1095,93,91,92,84,82,85,87,88,89,,,X
1100,95,91,92,84,82,86,77,78,90,80,94,Y
1105,96,87,92,,83,86,77,78,90,80,94,Y
1110,91,87,88,,83,82,77,78,90,80,94,Y
1115,91,87,88,,83,82,77,78,90,80,94,Y
1120,92,89,88,,85,83,77,78,90,80,94,Y
1125,92,89,93,77,85,83,84,86,,,,X
1130,87,89,93,77,85,78,84,86,,,,X
1135,87,95,93,77,94,78,84,86,,,,X
1140,88,95,96,90,77,85,84,86,,,,X
1145,88,95,96,90,77,85,84,86,,,,X
1150,97,,96,90,77,80,91,92,87,89,93,Y
1155,95,97,84,,78,80,91,92,87,89,93,Y
1160,95,97,84,,78,77,91,92,87,89,93,Y
1165,96,97,86,,78,77,91,92,87,89,93,Y
1170,96,84,86,,90,78,91,92,87,89,93,Y
1175,97,84,,91,90,78,94,80,,,,X
1180,97,86,,91,90,92,94,80,,,,X
1185,98,86,,91,89,92,94,80,,,,X
1190,99,98,,87,91,90,94,80,,,,X
1195,100,98,99,87,91,90,94,80,,,,X
1200,102,98,99,87,91,89,88,95,96,97,101,Y
1205,103,94,99,,92,89,88,95,96,97,101,Y
1210,98,94,80,,92,91,88,95,96,97,101,Y
1215,98,94,80,,92,91,88,95,96,97,101,Y
1220,99,100,102,,87,92,88,95,96,97,101,Y
1225,99,100,102,88,87,92,89,,,,,X
1230,94,100,102,88,87,95,89,,,,,X
1235,94,80,103,88,93,95,89,,,,,X
1240,100,80,103,96,88,87,89,,,,,X
1245,100,,103,96,88,87,89,,,,,X
1250,105,,89,96,88,97,98,99,94,102,104,Y
1255,103,105,89,93,95,97,98,99,94,102,104,Y
1260,103,105,,93,95,88,98,99,94,102,104,Y
1265,106,105,,93,95,88,98,99,94,102,104,Y
1270,107,89,106,101,96,95,98,99,94,102,104,Y
1275,105,89,106,98,96,95,97,93,,,,X
1280,105,107,106,98,96,99,97,93,,,,X
1285,108,107,,98,102,99,97,93,,,,X
1290,106,107,108,94,98,96,97,93,,,,X
1295,106,,108,94,98,96,97,93,,,,X
1300,110,,108,94,98,102,100,103,105,107,109,Y
1305,111,110,97,104,99,102,100,103,105,107,109,Y
1310,108,110,97,,99,98,100,103,105,107,109,Y
1315,108,110,93,,99,98,100,103,105,107,109,Y
1320,112,97,93,,94,99,100,103,105,107,109,Y
1325,110,97,111,100,94,99,101,104,102,,,X
1330,110,93,111,100,94,103,101,104,102,,,X
1335,113,93,111,100,107,103,101,104,102,,,X
1340,114,112,113,105,100,94,101,104,102,,,X
1345,111,112,113,105,100,94,101,104,102,,,X
1350,111,112,113,105,100,107,106,108,110,115,116,Y
1355,117,114,102,109,103,107,106,108,110,115,116,Y
1360,112,114,102,,103,100,106,108,110,115,116,Y
1365,112,114,101,,103,100,106,108,110,115,116,Y
1370,113,102,101,,105,103,106,108,110,115,116,Y
1375,113,102,101,106,105,103,109,107,,,,X
1380,114,104,117,106,105,108,109,107,,,,X
1385,114,104,117,106,115,108,109,107,,,,X
1390,101,104,117,110,106,105,109,107,,,,X
1395,101,,,110,106,105,109,107,,,,X
1400,117,109,107,110,106,,111,112,113,114,104,Y
1405,117,109,107,116,108,106,111,112,113,114,104,Y
1410,118,109,,,108,106,111,112,113,114,104,Y
1415,119,107,118,,108,,111,112,113,114,104,Y
1420,109,107,118,,110,108,111,112,113,114,104,Y
1425,109,119,118,111,110,108,115,116,,,,X
1430,120,119,,111,110,112,115,116,,,,X
1435,118,119,120,111,104,112,115,116,,,,X
1440,118,,120,113,111,110,115,116,,,,X
1445,119,,120,113,111,110,115,116,,,,X
1450,119,115,116,113,111,114,101,117,109,118,121,Y
1455,120,115,116,104,112,114,101,117,109,118,121,Y
1460,120,115,116,104,112,111,101,117,109,118,121,Y
1465,122,,,104,112,111,101,117,109,118,121,Y
1470,115,122,,,113,112,101,117,109,118,121,Y
1475,115,122,,101,113,112,114,104,,,,X
1480,116,122,,101,113,117,114,104,,,,X
1485,116,,,101,121,117,114,104,,,,X
1490,122,,,109,101,113,114,104,,,,X
1495,122,,,109,101,113,114,104,,,,X
1500,124,,114,109,101,118,119,120,115,116,123,Y
1505,125,124,114,,117,118,119,120,115,116,123,Y
1510,126,124,104,,117,101,119,120,115,116,123,Y
1515,127,124,104,,117,101,119,120,115,116,123,Y
1520,128,114,125,,109,117,119,120,115,116,123,Y
1525,124,114,125,119,109,117,121,118,,,,X
1530,124,104,125,119,109,120,121,118,,,,X
1535,129,104,126,119,123,120,121,118,,,,X
1540,125,127,126,115,119,109,121,118,,,,X
1545,125,127,126,115,119,109,121,118,,,,X
1550,133,127,118,115,119,116,122,124,130,131,132,Y
1555,126,128,118,,120,116,122,124,130,131,132,Y
1560,126,128,129,,120,119,122,124,130,131,132,Y
1565,127,128,129,,120,119,122,124,130,131,132,Y
1570,127,118,129,,115,120,122,124,130,131,132,Y
1575,128,118,121,122,115,120,123,116,,,,X
1580,128,133,121,122,115,124,123,116,,,,X
1585,129,133,121,122,130,124,123,116,,,,X
1590,129,133,,131,122,115,123,116,,,,X
1595,121,,,132,122,115,123,116,,,,X
1600,121,123,116,,122,,125,126,127,128,129,Y
1605,133,123,116,,124,122,125,126,127,128,129,Y
1610,133,123,,,124,122,125,126,127,128,129,Y
1615,134,116,,,124,,125,126,127,128,129,Y
1620,123,116,134,,,124,125,126,127,128,129,Y
1625,123,,134,125,,124,130,131,132,,,X
1630,135,,134,125,,126,130,131,132,,,X
1635,136,135,,125,,126,130,131,132,,,X
1640,134,135,136,127,125,128,130,131,132,,,X
1645,134,135,136,127,125,128,130,131,132,,,X
1650,139,130,136,127,125,129,121,133,123,137,138,Y
1655,135,130,131,,126,129,121,133,123,137,138,Y
1660,135,130,131,,126,125,121,133,123,137,138,Y
1665,136,132,131,,126,125,121,133,123,137,138,Y
1670,136,132,139,,128,126,121,133,123,137,138,Y
1675,130,132,139,121,128,126,127,129,,,,X
1680,130,,139,121,128,133,127,129,,,,X
1685,131,,,121,137,133,127,129,,,,X
1690,131,,,123,121,128,127,129,,,,X
1695,132,,,123,121,128,127,129,,,,X
1700,132,,127,123,121,,134,135,136,130,131,Y
1705,139,,127,138,133,121,134,135,136,130,131,Y
1710,139,,129,,133,121,134,135,136,130,131,Y
1715,140,127,129,,133,,134,135,136,130,131,Y
1720,141,127,140,,123,133,134,135,136,130,131,Y
1725,142,129,140,134,123,133,137,138,,,,X
1730,143,129,140,134,123,135,137,138,,,,X
1735,144,141,142,134,,135,137,138,,,,X
1740,140,141,142,136,134,123,137,138,,,,X
1745,140,141,142,136,134,123,137,138,,,,X
1750,148,143,144,136,134,130,132,139,145,146,147,Y
1755,141,143,144,131,135,130,132,139,145,146,147,Y
1760,141,143,144,131,135,134,132,139,145,146,147,Y
1765,142,137,138,131,135,134,132,139,145,146,147,Y
1770,142,137,138,,136,135,132,139,145,146,147,Y
1775,143,137,138,132,136,135,130,131,,,,X
1780,143,148,,132,136,139,130,131,,,,X
1785,144,148,,132,145,139,130,131,,,,X
1790,144,148,,146,132,136,130,131,,,,X
1795,137,,,147,132,136,130,131,,,,X
1800,137,,130,,132,,140,141,142,143,144,Y
1805,138,,130,,139,132,140,141,142,143,144,Y
1810,138,,131,,139,132,140,141,142,143,144,Y
1815,148,130,131,,139,,140,141,142,143,144,Y
1820,148,130,,,,139,140,141,142,143,144,Y
1825,149,131,,140,,139,145,146,147,,,X
1830,150,131,149,140,,141,145,146,147,,,X
1835,151,150,149,140,,141,145,146,147,,,X
1840,152,150,149,142,140,143,145,146,147,,,X
1845,153,150,151,142,140,143,145,146,147,,,X
1850,155,152,151,142,140,144,137,138,148,149,154,Y
1855,150,152,151,,141,144,137,138,148,149,154,Y
1860,150,152,145,,141,140,137,138,148,149,154,Y
1865,151,146,145,,141,140,137,138,148,149,154,Y
1870,151,146,145,,143,141,137,138,148,149,154,Y
1875,152,146,147,137,143,141,142,144,,,,X
1880,152,153,147,137,143,138,142,144,,,,X
1885,145,153,147,137,149,138,142,144,,,,X
1890,145,153,155,148,137,143,142,144,,,,X
1895,146,,155,148,137,143,142,144,,,,X
1900,146,,155,148,137,149,150,151,152,145,147,Y
1905,153,,142,154,138,149,150,151,152,145,147,Y
1910,153,,142,,138,137,150,151,152,145,147,Y
1915,155,,144,,138,137,150,151,152,145,147,Y
1920,155,142,144,,148,138,150,151,152,145,147,Y
1925,156,142,,150,148,138,154,149,,,,X
1930,157,144,156,150,148,151,154,149,,,,X
1935,158,144,156,150,147,151,154,149,,,,X
1940,159,157,156,152,150,148,154,149,,,,X
1945,160,157,158,152,150,148,154,149,,,,X
1950,162,157,158,152,150,145,146,153,155,156,161,Y
1955,163,159,158,147,151,145,146,153,155,156,161,Y
1960,157,159,149,147,151,150,146,153,155,156,161,Y
1965,157,159,149,147,151,150,146,153,155,156,161,Y
1970,158,154,160,,152,151,146,153,155,156,161,Y
1975,158,154,160,146,152,151,145,147,,,,X
1980,159,154,160,146,152,153,145,147,,,,X
1985,159,149,162,146,156,153,145,147,,,,X
1990,154,149,162,155,146,152,145,147,,,,X
1995,154,163,162,155,146,152,145,147,,,,X
2000,165,163,145,155,146,156,157,158,159,160,164,Y
2005,162,163,145,161,153,156,157,158,159,160,164,Y
2010,162,165,147,,153,146,157,158,159,160,164,Y
2015,163,165,147,,153,146,157,158,159,160,164,Y
2020,163,165,,,155,153,157,158,159,160,164,Y
2025,166,145,,157,155,153,161,156,,,,X
2030,165,145,166,157,155,158,161,156,,,,X
2035,165,147,166,157,160,158,161,156,,,,X
2040,167,147,166,159,157,155,161,156,,,,X
2045,168,167,,159,157,155,161,156,,,,X
2050,169,167,156,159,157,160,154,162,163,165,166,Y
2055,170,167,156,164,158,160,154,162,163,165,166,Y
2060,171,161,168,,158,157,154,162,163,165,166,Y
2065,167,161,168,,158,157,154,162,163,165,166,Y
2070,167,161,168,,159,158,154,162,163,165,166,Y
2075,172,156,169,154,159,158,164,160,,,,X
2080,161,156,169,154,159,162,164,160,,,,X
2085,161,170,169,154,166,162,164,160,,,,X
2090,168,170,171,163,154,159,164,160,,,,X
2095,168,170,171,163,154,159,164,160,,,,X
2100,175,172,171,163,154,165,167,161,169,173,174,Y
2105,170,172,160,166,162,165,167,161,169,173,174,Y
2110,170,172,160,166,162,154,167,161,169,173,174,Y
2115,171,164,175,166,162,154,167,161,169,173,174,Y
2120,171,164,175,,163,162,167,161,169,173,174,Y
2125,172,164,175,167,163,162,165,166,,,,X
2130,172,160,,167,163,161,165,166,,,,X
2135,164,160,,167,169,161,165,166,,,,X
2140,164,,,173,167,163,165,166,,,,X
2145,175,,,169,167,163,165,166,,,,X
2150,175,,165,169,167,,168,170,171,172,164,Y
2155,176,,165,169,161,167,168,170,171,172,164,Y
2160,177,176,166,174,161,167,168,170,171,172,164,Y
2165,178,176,166,,161,,168,170,171,172,164,Y
2170,179,176,177,,169,161,168,170,171,172,164,Y
2175,180,165,177,168,169,161,173,174,,,,X
2180,176,165,177,168,169,170,173,174,,,,X
2185,176,166,178,168,,170,173,174,,,,X
2190,177,166,178,171,168,169,173,174,,,,X
2195,177,179,178,171,168,169,173,174,,,,X
2200,184,179,180,171,168,172,175,176,181,182,183,Y
2205,178,179,180,164,170,172,175,176,181,182,183,Y
2210,178,173,180,164,170,168,175,176,181,182,183,Y
2215,179,173,174,164,170,168,175,176,181,182,183,Y
2220,179,173,174,,171,170,175,176,181,182,183,Y
2225,180,184,174,175,171,170,172,164,,,,X
2230,180,184,,175,171,176,172,164,,,,X
2235,173,184,,175,181,176,172,164,,,,X
2240,173,,,182,175,171,172,164,,,,X
2245,174,,,183,175,171,172,164,,,,X
2250,174,,172,,175,,177,178,179,180,173,Y
2255,184,,172,,176,175,177,178,179,180,173,Y
2260,184,,164,,176,175,177,178,179,180,173,Y
2265,185,172,164,,176,,177,178,179,180,173,Y
2270,186,172,185,,,176,177,178,179,180,173,Y
2275,187,164,185,177,,176,181,182,183,,,X
2280,188,164,185,177,,178,181,182,183,,,X
2285,189,186,187,177,,178,181,182,183,,,X
2290,185,186,187,179,177,180,181,182,183,,,X
2295,185,186,187,179,177,180,181,182,183,,,X
2300,193,188,189,179,177,173,174,184,190,191,192,Y
2305,186,188,189,,178,173,174,184,190,191,192,Y
2310,186,188,189,,178,177,174,184,190,191,192,Y
2315,187,181,182,,178,177,174,184,190,191,192,Y
2320,187,181,182,,180,178,174,184,190,191,192,Y
2325,188,181,182,174,180,178,179,173,,,,X
2330,188,183,193,174,180,184,179,173,,,,X
2335,189,183,193,174,190,184,179,173,,,,X
2340,189,183,193,191,174,180,179,173,,,,X
2345,181,,,192,174,180,179,173,,,,X
2350,181,,179,,174,,185,186,187,188,189,Y
2355,182,,179,,184,174,185,186,187,188,189,Y
2360,182,,173,,184,174,185,186,187,188,189,Y
2365,183,179,173,,184,,185,186,187,188,189,Y
2370,183,179,,,,184,185,186,187,188,189,Y
2375,193,173,,185,,184,190,191,192,,,X
2380,193,173,,185,,186,190,191,192,,,X
2385,194,,,185,,186,190,191,192,,,X
2390,195,194,,187,185,188,190,191,192,,,X
2395,196,194,195,187,185,188,190,191,192,,,X
2400,198,194,195,187,185,189,181,182,183,193,197,Y
2405,199,190,195,,186,189,181,182,183,193,197,Y
2410,194,190,191,,186,185,181,182,183,193,197,Y
2415,194,190,191,,186,185,181,182,183,193,197,Y
2420,195,192,191,,188,186,181,182,183,193,197,Y
2425,195,192,196,181,188,186,187,189,,,,X
2430,190,192,196,181,188,182,187,189,,,,X
2435,190,198,196,181,197,182,187,189,,,,X
2440,191,198,199,183,181,188,187,189,,,,X
2445,191,198,199,183,181,188,187,189,,,,X
2450,200,,199,183,181,193,194,195,190,192,196,Y
2455,198,200,187,,182,193,194,195,190,192,196,Y
2460,198,200,187,,182,181,194,195,190,192,196,Y
2465,199,200,189,,182,181,194,195,190,192,196,Y
2470,199,187,189,,183,182,194,195,190,192,196,Y
2475,200,187,,194,183,182,197,193,,,,X
2480,200,189,,194,183,195,197,193,,,,X
2485,201,189,,194,192,195,197,193,,,,X
2490,202,201,,190,194,183,197,193,,,,X
2495,203,201,202,190,194,183,197,193,,,,X
2500,205,201,202,190,194,192,191,198,199,200,204,Y
2505,206,197,202,,195,192,191,198,199,200,204,Y
2510,201,197,193,,195,194,191,198,199,200,204,Y
2515,201,197,193,,195,194,191,198,199,200,204,Y
2520,202,203,205,,190,195,191,198,199,200,204,Y
2525,202,203,205,191,190,195,192,,,,,X
2530,197,203,205,191,190,198,192,,,,,X
2535,197,193,206,191,196,198,192,,,,,X
2540,203,193,206,199,191,190,192,,,,,X
2545,203,,206,199,191,190,192,,,,,X
2550,208,,192,199,191,200,201,202,197,205,207,Y
2555,206,208,192,196,198,200,201,202,197,205,207,Y
2560,206,208,,196,198,191,201,202,197,205,207,Y
2565,209,208,,196,198,191,201,202,197,205,207,Y
2570,210,192,209,204,199,198,201,202,197,205,207,Y
2575,208,192,209,201,199,198,200,196,,,,X
2580,208,210,209,201,199,202,200,196,,,,X
2585,211,210,,201,205,202,200,196,,,,X
2590,209,210,211,197,201,199,200,196,,,,X
2595,209,,211,197,201,199,200,196,,,,X
2600,213,,211,197,201,205,203,206,208,210,212,Y
2605,214,213,200,207,202,205,203,206,208,210,212,Y
2610,211,213,200,,202,201,203,206,208,210,212,Y
2615,211,213,196,,202,201,203,206,208,210,212,Y
2620,215,200,196,,197,202,203,206,208,210,212,Y
2625,213,200,214,203,197,202,204,207,205,,,X
2630,213,196,214,203,197,206,204,207,205,,,X
2635,216,196,214,203,210,206,204,207,205,,,X
2640,217,215,216,208,203,197,204,207,205,,,X
2645,214,215,216,208,203,197,204,207,205,,,X
2650,214,215,216,208,203,210,209,211,213,218,219,Y
2655,220,217,205,212,206,210,209,211,213,218,219,Y
2660,215,217,205,,206,203,209,211,213,218,219,Y
2665,215,217,204,,206,203,209,211,213,218,219,Y
2670,216,205,204,,208,206,209,211,213,218,219,Y
2675,216,205,204,209,208,206,212,210,,,,X
2680,217,207,220,209,208,211,212,210,,,,X
2685,217,207,220,209,218,211,212,210,,,,X
2690,204,207,220,213,209,208,212,210,,,,X
2695,204,,,213,209,208,212,210,,,,X
2700,220,212,210,213,209,,214,215,216,217,207,Y
2705,220,212,210,219,211,209,214,215,216,217,207,Y
2710,221,212,,,211,209,214,215,216,217,207,Y
2715,222,210,221,,211,,214,215,216,217,207,Y
2720,212,210,221,,213,211,214,215,216,217,207,Y
2725,212,222,221,214,213,211,218,219,,,,X
2730,223,222,,214,213,215,218,219,,,,X
2735,221,222,223,214,207,215,218,219,,,,X
2740,221,,223,216,214,213,218,219,,,,X
2745,222,,223,216,214,213,218,219,,,,X
2750,222,218,219,216,214,217,204,220,212,221,224,Y
2755,223,218,219,207,215,217,204,220,212,221,224,Y
2760,223,218,219,207,215,214,204,220,212,221,224,Y
2765,225,,,207,215,214,204,220,212,221,224,Y
2770,218,225,,,216,215,204,220,212,221,224,Y
2775,218,225,,204,216,215,217,207,,,,X
2780,219,225,,204,216,220,217,207,,,,X
2785,219,,,204,224,220,217,207,,,,X
2790,225,,,212,204,216,217,207,,,,X
2795,225,,,212,204,216,217,207,,,,X
2800,227,,217,212,204,221,222,223,218,219,226,Y
2805,228,227,217,,220,221,222,223,218,219,226,Y
2810,229,227,207,,220,204,222,223,218,219,226,Y
2815,230,227,207,,220,204,222,223,218,219,226,Y
2820,231,217,228,,212,220,222,223,218,219,226,Y
2825,227,217,228,222,212,220,224,221,,,,X
2830,227,207,228,222,212,223,224,221,,,,X
2835,232,207,229,222,226,223,224,221,,,,X
2840,228,230,229,218,222,212,224,221,,,,X
2845,228,230,229,218,222,212,224,221,,,,X
2850,236,230,221,218,222,219,225,227,233,234,235,Y
2855,229,231,221,,223,219,225,227,233,234,235,Y
2860,229,231,232,,223,222,225,227,233,234,235,Y
2865,230,231,232,,223,222,225,227,233,234,235,Y
2870,230,221,232,,218,223,225,227,233,234,235,Y
2875,231,221,224,225,218,223,226,219,,,,X
2880,231,236,224,225,218,227,226,219,,,,X
2885,232,236,224,225,233,227,226,219,,,,X
2890,232,236,,234,225,218,226,219,,,,X
2895,224,,,235,225,218,226,219,,,,X
2900,224,226,219,,225,,228,229,230,231,232,Y
2905,236,226,219,,227,225,228,229,230,231,232,Y
2910,236,226,,,227,225,228,229,230,231,232,Y
2915,237,219,,,227,,228,229,230,231,232,Y
2920,226,219,237,,,227,228,229,230,231,232,Y
2925,226,,237,228,,227,233,234,235,,,X
2930,238,,237,228,,229,233,234,235,,,X
2935,239,238,,228,,229,233,234,235,,,X
2940,237,238,239,230,228,231,233,234,235,,,X
2945,237,238,239,230,228,231,233,234,235,,,X
2950,242,233,239,230,228,232,224,236,226,240,241,Y
2955,238,233,234,,229,232,224,236,226,240,241,Y
2960,238,233,234,,229,228,224,236,226,240,241,Y
2965,239,235,234,,229,228,224,236,226,240,241,Y
2970,239,235,242,,231,229,224,236,226,240,241,Y
2975,233,235,242,224,231,229,230,232,,,,X
2980,233,,242,224,231,236,230,232,,,,X
2985,234,,,224,240,236,230,232,,,,X
2990,234,,,226,224,231,230,232,,,,X
2995,235,,,226,224,231,230,232,,,,X
3000,235,,230,226,224,,237,238,239,233,234,Y
3005,242,,230,241,236,224,237,238,239,233,234,Y
3010,242,,232,,236,224,237,238,239,233,234,Y
3015,243,230,232,,236,,237,238,239,233,234,Y
3020,244,230,243,,226,236,237,238,239,233,234,Y
3025,245,232,243,237,226,236,240,241,,,,X
3030,246,232,243,237,226,238,240,241,,,,X
3035,247,244,245,237,,238,240,241,,,,X
3040,243,244,245,239,237,226,240,241,,,,X
3045,243,244,245,239,237,226,240,241,,,,X
3050,251,246,247,239,237,233,235,242,248,249,250,Y
3055,244,246,247,234,238,233,235,242,248,249,250,Y
3060,244,246,247,234,238,237,235,242,248,249,250,Y
3065,245,240,241,234,238,237,235,242,248,249,250,Y
3070,245,240,241,,239,238,235,242,248,249,250,Y
3075,246,240,241,235,239,238,233,234,,,,X
3080,246,251,,235,239,242,233,234,,,,X
3085,247,251,,235,248,242,233,234,,,,X
3090,247,251,,249,235,239,233,234,,,,X
3095,240,,,250,235,239,233,234,,,,X
3100,240,,233,,235,,243,244,245,246,247,Y
3105,241,,233,,242,235,243,244,245,246,247,Y
3110,241,,234,,242,235,243,244,245,246,247,Y
3115,251,233,234,,242,,243,244,245,246,247,Y
3120,251,233,,,,242,243,244,245,246,247,Y
3125,252,234,,243,,242,248,249,250,,,X
3130,253,234,252,243,,244,248,249,250,,,X
3135,254,253,252,243,,244,248,249,250,,,X
3140,255,253,252,245,243,246,248,249,250,,,X
3145,256,253,254,245,243,246,248,249,250,,,X
3150,258,255,254,245,243,247,240,241,251,252,257,Y
3155,253,255,254,,244,247,240,241,251,252,257,Y
3160,253,255,248,,244,243,240,241,251,252,257,Y
3165,254,249,248,,244,243,240,241,251,252,257,Y
3170,254,249,248,,246,244,240,241,251,252,257,Y
3175,255,249,250,240,246,244,245,247,,,,X
3180,255,256,250,240,246,241,245,247,,,,X
3185,248,256,250,240,252,241,245,247,,,,X
3190,248,256,258,251,240,246,245,247,,,,X
3195,249,,258,251,240,246,245,247,,,,X
3200,249,,258,251,240,252,253,254,255,248,250,Y
3205,256,,245,257,241,252,253,254,255,248,250,Y
3210,256,,245,,241,240,253,254,255,248,250,Y
3215,258,,247,,241,240,253,254,255,248,250,Y
3220,258,245,247,,251,241,253,254,255,248,250,Y
3225,259,245,,253,251,241,257,252,,,,X
3230,260,247,259,253,251,254,257,252,,,,X
3235,261,247,259,253,250,254,257,252,,,,X
3240,262,260,259,255,253,251,257,252,,,,X
3245,263,260,261,255,253,251,257,252,,,,X
3250,265,260,261,255,253,248,249,256,258,259,264,Y
3255,266,262,261,250,254,248,249,256,258,259,264,Y
3260,260,262,252,250,254,253,249,256,258,259,264,Y
3265,260,262,252,250,254,253,249,256,258,259,264,Y
3270,261,257,263,,255,254,249,256,258,259,264,Y
3275,261,257,263,249,255,254,248,250,,,,X
3280,262,257,263,249,255,256,248,250,,,,X
3285,262,252,265,249,259,256,248,250,,,,X
3290,257,252,265,258,249,255,248,250,,,,X
3295,257,266,265,258,249,255,248,250,,,,X
3300,268,266,248,258,249,259,260,261,262,263,267,Y
3305,265,266,248,264,256,259,260,261,262,263,267,Y
3310,265,268,250,,256,249,260,261,262,263,267,Y
3315,266,268,250,,256,249,260,261,262,263,267,Y
3320,266,268,,,258,256,260,261,262,263,267,Y
3325,269,248,,260,258,256,264,259,,,,X
3330,268,248,269,260,258,261,264,259,,,,X
3335,268,250,269,260,263,261,264,259,,,,X
3340,270,250,269,262,260,258,264,259,,,,X
3345,271,270,,262,260,258,264,259,,,,X
3350,272,270,259,262,260,263,257,265,266,268,269,Y
3355,273,270,259,267,261,263,257,265,266,268,269,Y
3360,274,264,271,,261,260,257,265,266,268,269,Y
3365,270,264,271,,261,260,257,265,266,268,269,Y
3370,270,264,271,,262,261,257,265,266,268,269,Y
3375,275,259,272,257,262,261,267,263,,,,X
3380,264,259,272,257,262,265,267,263,,,,X
3385,264,273,272,257,269,265,267,263,,,,X
3390,271,273,274,266,257,262,267,263,,,,X
3395,271,273,274,266,257,262,267,263,,,,X
3400,278,275,274,266,257,268,270,264,272,276,277,Y
3405,273,275,263,269,265,268,270,264,272,276,277,Y
3410,273,275,263,269,265,257,270,264,272,276,277,Y
3415,274,267,278,269,265,257,270,264,272,276,277,Y
3420,274,267,278,,266,265,270,264,272,276,277,Y
3425,275,267,278,270,266,265,268,269,,,,X
3430,275,263,,270,266,264,268,269,,,,X
3435,267,263,,270,272,264,268,269,,,,X
3440,267,,,276,270,266,268,269,,,,X
3445,278,,,272,270,266,268,269,,,,X
3450,278,,268,272,270,,271,273,274,275,267,Y
3455,279,,268,272,264,270,271,273,274,275,267,Y
3460,280,279,269,277,264,270,271,273,274,275,267,Y
3465,281,279,269,,264,,271,273,274,275,267,Y
3470,282,279,280,,272,264,271,273,274,275,267,Y
3475,283,268,280,271,272,264,276,277,,,,X
3480,279,268,280,271,272,273,276,277,,,,X
3485,279,269,281,271,,273,276,277,,,,X
3490,280,269,281,274,271,272,276,277,,,,X
3495,280,282,281,274,271,272,276,277,,,,X
3500,287,282,283,274,271,275,278,279,284,285,286,Y
3505,281,282,283,267,273,275,278,279,284,285,286,Y
3510,281,276,283,267,273,271,278,279,284,285,286,Y
3515,282,276,277,267,273,271,278,279,284,285,286,Y
3520,282,276,277,,274,273,278,279,284,285,286,Y
3525,283,287,277,278,274,273,275,267,,,,X
3530,283,287,,278,274,279,275,267,,,,X
3535,276,287,,278,284,279,275,267,,,,X
3540,276,,,285,278,274,275,267,,,,X
3545,277,,,286,278,274,275,267,,,,X
3550,277,,275,,278,,280,281,282,283,276,Y
3555,287,,275,,279,278,280,281,282,283,276,Y
3560,287,,267,,279,278,280,281,282,283,276,Y
3565,288,275,267,,279,,280,281,282,283,276,Y
3570,289,275,288,,,279,280,281,282,283,276,Y
3575,290,267,288,280,,279,284,285,286,,,X
3580,291,267,288,280,,281,284,285,286,,,X
3585,292,289,290,280,,281,284,285,286,,,X
3590,288,289,290,282,280,283,284,285,286,,,X
3595,288,289,290,282,280,283,284,285,286,,,X
3600,296,291,292,282,280,276,277,287,293,294,295,Y
3605,289,291,292,,281,276,277,287,293,294,295,Y
3610,289,291,292,,281,280,277,287,293,294,295,Y
3615,290,284,285,,281,280,277,287,293,294,295,Y
3620,290,284,285,,283,281,277,287,293,294,295,Y
3625,291,284,285,277,283,281,282,276,,,,X
3630,291,286,296,277,283,287,282,276,,,,X
3635,292,286,296,277,293,287,282,276,,,,X
3640,292,286,296,294,277,283,282,276,,,,X
3645,284,,,295,277,283,282,276,,,,X
3650,284,,282,,277,,288,289,290,291,292,Y
3655,285,,282,,287,277,288,289,290,291,292,Y
3660,285,,276,,287,277,288,289,290,291,292,Y
3665,286,282,276,,287,,288,289,290,291,292,Y
3670,286,282,,,,287,288,289,290,291,292,Y
3675,296,276,,288,,287,293,294,295,,,X
3680,296,276,,288,,289,293,294,295,,,X
3685,297,,,288,,289,293,294,295,,,X
3690,298,297,,290,288,291,293,294,295,,,X
3695,299,297,298,290,288,291,293,294,295,,,X
3700,301,297,298,290,288,292,284,285,286,296,300,Y
3705,302,293,298,,289,292,284,285,286,296,300,Y
3710,297,293,294,,289,288,284,285,286,296,300,Y
3715,297,293,294,,289,288,284,285,286,296,300,Y
3720,298,295,294,,291,289,284,285,286,296,300,Y
3725,298,295,299,284,291,289,290,292,,,,X
3730,293,295,299,284,291,285,290,292,,,,X
3735,293,301,299,284,300,285,290,292,,,,X
3740,294,301,302,286,284,291,290,292,,,,X
3745,294,301,302,286,284,291,290,292,,,,X
3750,303,,302,286,284,296,297,298,293,295,299,Y
3755,301,303,290,,285,296,297,298,293,295,299,Y
3760,301,303,290,,285,284,297,298,293,295,299,Y
3765,302,303,292,,285,284,297,298,293,295,299,Y
3770,302,290,292,,286,285,297,298,293,295,299,Y
3775,303,290,,297,286,285,300,296,,,,X
3780,303,292,,297,286,298,300,296,,,,X
3785,304,292,,297,295,298,300,296,,,,X
3790,305,304,,293,297,286,300,296,,,,X
3795,306,304,305,293,297,286,300,296,,,,X
3800,308,304,305,293,297,295,294,301,302,303,307,Y
3805,309,300,305,,298,295,294,301,302,303,307,Y
3810,304,300,296,,298,297,294,301,302,303,307,Y
3815,304,300,296,,298,297,294,301,302,303,307,Y
3820,305,306,308,,293,298,294,301,302,303,307,Y
3825,305,306,308,294,293,298,295,,,,,X
3830,300,306,308,294,293,301,295,,,,,X
3835,300,296,309,294,299,301,295,,,,,X
3840,306,296,309,302,294,293,295,,,,,X
3845,306,,309,302,294,293,295,,,,,X
3850,311,,295,302,294,303,304,305,300,308,310,Y
3855,309,311,295,299,301,303,304,305,300,308,310,Y
3860,309,311,,299,301,294,304,305,300,308,310,Y
3865,312,311,,299,301,294,304,305,300,308,310,Y
3870,313,295,312,307,302,301,304,305,300,308,310,Y
3875,311,295,312,304,302,301,303,299,,,,X
3880,311,313,312,304,302,305,303,299,,,,X
3885,314,313,,304,308,305,303,299,,,,X
3890,312,313,314,300,304,302,303,299,,,,X
3895,312,,314,300,304,302,303,299,,,,X
3900,316,,314,300,304,308,306,309,311,313,315,Y
3905,317,316,303,310,305,308,306,309,311,313,315,Y
3910,314,316,303,,305,304,306,309,311,313,315,Y
3915,314,316,299,,305,304,306,309,311,313,315,Y
3920,318,303,299,,300,305,306,309,311,313,315,Y
3925,316,303,317,306,300,305,307,310,308,,,X
3930,316,299,317,306,300,309,307,310,308,,,X
3935,319,299,317,306,313,309,307,310,308,,,X
3940,320,318,319,311,306,300,307,310,308,,,X
3945,317,318,319,311,306,300,307,310,308,,,X
3950,317,318,319,311,306,313,312,314,316,321,322,Y
3955,323,320,308,315,309,313,312,314,316,321,322,Y
3960,318,320,308,,309,306,312,314,316,321,322,Y
3965,318,320,307,,309,306,312,314,316,321,322,Y
3970,319,308,307,,311,309,312,314,316,321,322,Y
3975,319,308,307,312,311,309,315,313,,,,X
3980,320,310,323,312,311,314,315,313,,,,X
3985,320,310,323,312,321,314,315,313,,,,X
3990,307,310,323,316,312,311,315,313,,,,X
3995,307,,,316,312,311,315,313,,,,X
4000,323,315,313,316,312,,317,318,319,320,310,Y
4005,323,315,313,322,314,312,317,318,319,320,310,Y
4010,324,315,,,314,312,317,318,319,320,310,Y
4015,325,313,324,,314,,317,318,319,320,310,Y
4020,315,313,324,,316,314,317,318,319,320,310,Y
4025,315,325,324,317,316,314,321,322,,,,X
4030,326,325,,317,316,318,321,322,,,,X
4035,324,325,326,317,310,318,321,322,,,,X
4040,324,,326,319,317,316,321,322,,,,X
4045,325,,326,319,317,316,321,322,,,,X
4050,325,321,322,319,317,320,307,323,315,324,327,Y
4055,326,321,322,310,318,320,307,323,315,324,327,Y
4060,326,321,322,310,318,317,307,323,315,324,327,Y
4065,328,,,310,318,317,307,323,315,324,327,Y
4070,321,328,,,319,318,307,323,315,324,327,Y
4075,321,328,,307,319,318,320,310,,,,X
4080,322,328,,307,319,323,320,310,,,,X
4085,322,,,307,327,323,320,310,,,,X
4090,328,,,315,307,319,320,310,,,,X
4095,328,,,315,307,319,320,310,,,,X
4100,330,,320,315,307,324,325,326,321,322,329,Y
4105,331,330,320,,323,324,325,326,321,322,329,Y
4110,332,330,310,,323,307,325,326,321,322,329,Y
4115,333,330,310,,323,307,325,326,321,322,329,Y
4120,334,320,331,,315,323,325,326,321,322,329,Y
4125,330,320,331,325,315,323,327,324,,,,X
4130,330,310,331,325,315,326,327,324,,,,X
4135,335,310,332,325,329,326,327,324,,,,X
4140,331,333,332,321,325,315,327,324,,,,X
4145,331,333,332,321,325,315,327,324,,,,X
4150,339,333,324,321,325,322,328,330,336,337,338,Y
4155,332,334,324,,326,322,328,330,336,337,338,Y
4160,332,334,335,,326,325,328,330,336,337,338,Y
4165,333,334,335,,326,325,328,330,336,337,338,Y
4170,333,324,335,,321,326,328,330,336,337,338,Y
4175,334,324,327,328,321,326,329,322,,,,X
4180,334,339,327,328,321,330,329,322,,,,X
4185,335,339,327,328,336,330,329,322,,,,X
4190,335,339,,337,328,321,329,322,,,,X
4195,327,,,338,328,321,329,322,,,,X
4200,327,329,322,,328,,331,332,333,334,335,Y
4205,339,329,322,,330,328,331,332,333,334,335,Y
4210,339,329,,,330,328,331,332,333,334,335,Y
4215,340,322,,,330,,331,332,333,334,335,Y
4220,329,322,340,,,330,331,332,333,334,335,Y
4225,329,,340,331,,330,336,337,338,,,X
4230,341,,340,331,,332,336,337,338,,,X
4235,342,341,,331,,332,336,337,338,,,X
4240,340,341,342,333,331,334,336,337,338,,,X
4245,340,341,342,333,331,334,336,337,338,,,X
4250,345,336,342,333,331,335,327,339,329,343,344,Y
4255,341,336,337,,332,335,327,339,329,343,344,Y
4260,341,336,337,,332,331,327,339,329,343,344,Y
4265,342,338,337,,332,331,327,339,329,343,344,Y
4270,342,338,345,,334,332,327,339,329,343,344,Y
4275,336,338,345,327,334,332,333,335,,,,X
4280,336,,345,327,334,339,333,335,,,,X
4285,337,,,327,343,339,333,335,,,,X
4290,337,,,329,327,334,333,335,,,,X
4295,338,,,329,327,334,333,335,,,,X
4300,338,,333,329,327,,340,341,342,336,337,Y
4305,345,,333,344,339,327,340,341,342,336,337,Y
4310,345,,335,,339,327,340,341,342,336,337,Y
4315,346,333,335,,339,,340,341,342,336,337,Y
4320,347,333,346,,329,339,340,341,342,336,337,Y
4325,348,335,346,340,329,339,343,344,,,,X
4330,349,335,346,340,329,341,343,344,,,,X
4335,350,347,348,340,,341,343,344,,,,X
4340,346,347,348,342,340,329,343,344,,,,X
4345,346,347,348,342,340,329,343,344,,,,X
4350,354,349,350,342,340,336,338,345,351,352,353,Y
4355,347,349,350,337,341,336,338,345,351,352,353,Y
4360,347,349,350,337,341,340,338,345,351,352,353,Y
4365,348,343,344,337,341,340,338,345,351,352,353,Y
4370,348,343,344,,342,341,338,345,351,352,353,Y
4375,349,343,344,338,342,341,336,337,,,,X
4380,349,354,,338,342,345,336,337,,,,X
4385,350,354,,338,351,345,336,337,,,,X
4390,350,354,,352,338,342,336,337,,,,X
4395,343,,,353,338,342,336,337,,,,X
4400,343,,336,,338,,346,347,348,349,350,Y
4405,344,,336,,345,338,346,347,348,349,350,Y
4410,344,,337,,345,338,346,347,348,349,350,Y
4415,354,336,337,,345,,346,347,348,349,350,Y
4420,354,336,,,,345,346,347,348,349,350,Y
4425,355,337,,346,,345,351,352,353,,,X
4430,356,337,355,346,,347,351,352,353,,,X
4435,357,356,355,346,,347,351,352,353,,,X
4440,358,356,355,348,346,349,351,352,353,,,X
4445,359,356,357,348,346,349,351,352,353,,,X
4450,361,358,357,348,346,350,343,344,354,355,360,Y
4455,356,358,357,,347,350,343,344,354,355,360,Y
4460,356,358,351,,347,346,343,344,354,355,360,Y
4465,357,352,351,,347,346,343,344,354,355,360,Y
4470,357,352,351,,349,347,343,344,354,355,360,Y
4475,358,352,353,343,349,347,348,350,,,,X
4480,358,359,353,343,349,344,348,350,,,,X
4485,351,359,353,343,355,344,348,350,,,,X
4490,351,359,361,354,343,349,348,350,,,,X
4495,352,,361,354,343,349,348,350,,,,X
4500,352,,361,354,343,355,356,357,358,351,353,Y
4505,359,,348,360,344,355,356,357,358,351,353,Y
4510,359,,348,,344,343,356,357,358,351,353,Y
4515,361,,350,,344,343,356,357,358,351,353,Y
4520,361,348,350,,354,344,356,357,358,351,353,Y
4525,362,348,,356,354,344,360,355,,,,X
4530,363,350,362,356,354,357,360,355,,,,X
4535,364,350,362,356,353,357,360,355,,,,X
4540,365,363,362,358,356,354,360,355,,,,X
4545,366,363,364,358,356,354,360,355,,,,X
4550,368,363,364,358,356,351,352,359,361,362,367,Y
4555,369,365,364,353,357,351,352,359,361,362,367,Y
4560,363,365,355,353,357,356,352,359,361,362,367,Y
4565,363,365,355,353,357,356,352,359,361,362,367,Y
4570,364,360,366,,358,357,352,359,361,362,367,Y
4575,364,360,366,352,358,357,351,353,,,,X
4580,365,360,366,352,358,359,351,353,,,,X
4585,365,355,368,352,362,359,351,353,,,,X
4590,360,355,368,361,352,358,351,353,,,,X
4595,360,369,368,361,352,358,351,353,,,,X
4600,371,369,351,361,352,362,363,364,365,366,370,Y
4605,368,369,351,367,359,362,363,364,365,366,370,Y
4610,368,371,353,,359,352,363,364,365,366,370,Y
4615,369,371,353,,359,352,363,364,365,366,370,Y
4620,369,371,,,361,359,363,364,365,366,370,Y
4625,372,351,,363,361,359,367,362,,,,X
4630,371,351,372,363,361,364,367,362,,,,X
4635,371,353,372,363,366,364,367,362,,,,X
4640,373,353,372,365,363,361,367,362,,,,X
4645,374,373,,365,363,361,367,362,,,,X
4650,375,373,362,365,363,366,360,368,369,371,372,Y
4655,376,373,362,370,364,366,360,368,369,371,372,Y
4660,377,367,374,,364,363,360,368,369,371,372,Y
4665,373,367,374,,364,363,360,368,369,371,372,Y
4670,373,367,374,,365,364,360,368,369,371,372,Y
4675,378,362,375,360,365,364,370,366,,,,X
4680,367,362,375,360,365,368,370,366,,,,X
4685,367,376,375,360,372,368,370,366,,,,X
4690,374,376,377,369,360,365,370,366,,,,X
4695,374,376,377,369,360,365,370,366,,,,X
4700,381,378,377,369,360,371,373,367,375,379,380,Y
4705,376,378,366,372,368,371,373,367,375,379,380,Y
4710,376,378,366,372,368,360,373,367,375,379,380,Y
4715,377,370,381,372,368,360,373,367,375,379,380,Y
4720,377,370,381,,369,368,373,367,375,379,380,Y
4725,378,370,381,373,369,368,371,372,,,,X
4730,378,366,,373,369,367,371,372,,,,X
4735,370,366,,373,375,367,371,372,,,,X
4740,370,,,379,373,369,371,372,,,,X
4745,381,,,375,373,369,371,372,,,,X
4750,381,,371,375,373,,374,376,377,378,370,Y
4755,382,,371,375,367,373,374,376,377,378,370,Y
4760,383,382,372,380,367,373,374,376,377,378,370,Y
4765,384,382,372,,367,,374,376,377,378,370,Y
4770,385,382,383,,375,367,374,376,377,378,370,Y
4775,386,371,383,374,375,367,379,380,,,,X
4780,382,371,383,374,375,376,379,380,,,,X
4785,382,372,384,374,,376,379,380,,,,X
4790,383,372,384,377,374,375,379,380,,,,X
4795,383,385,384,377,374,375,379,380,,,,X
4800,390,385,386,377,374,378,381,382,387,388,389,Y
4805,384,385,386,370,376,378,381,382,387,388,389,Y
4810,384,379,386,370,376,374,381,382,387,388,389,Y
4815,385,379,380,370,376,374,381,382,387,388,389,Y
4820,385,379,380,,377,376,381,382,387,388,389,Y
4825,386,390,380,381,377,376,378,370,,,,X
4830,386,390,,381,377,382,378,370,,,,X
4835,379,390,,381,387,382,378,370,,,,X
4840,379,,,388,381,377,378,370,,,,X
4845,380,,,389,381,377,378,370,,,,X
4850,380,,378,,381,,383,384,385,386,379,Y
4855,390,,378,,382,381,383,384,385,386,379,Y
4860,390,,370,,382,381,383,384,385,386,379,Y
4865,391,378,370,,382,,383,384,385,386,379,Y
4870,392,378,391,,,382,383,384,385,386,379,Y
4875,393,370,391,383,,382,387,388,389,,,X
4880,394,370,391,383,,384,387,388,389,,,X
4885,395,392,393,383,,384,387,388,389,,,X
4890,391,392,393,385,383,386,387,388,389,,,X
4895,391,392,393,385,383,386,387,388,389,,,X
4900,399,394,395,385,383,379,380,390,396,397,398,Y
4905,392,394,395,,384,379,380,390,396,397,398,Y
4910,392,394,395,,384,383,380,390,396,397,398,Y
4915,393,387,388,,384,383,380,390,396,397,398,Y
4920,393,387,388,,386,384,380,390,396,397,398,Y
4925,394,387,388,380,386,384,385,379,,,,X
4930,394,389,399,380,386,390,385,379,,,,X
4935,395,389,399,380,396,390,385,379,,,,X
4940,395,389,399,397,380,386,385,379,,,,X
4945,387,,,398,380,386,385,379,,,,X
4950,387,,385,,380,,391,392,393,394,395,Y
4955,388,,385,,390,380,391,392,393,394,395,Y
4960,388,,379,,390,380,391,392,393,394,395,Y
4965,389,385,379,,390,,391,392,393,394,395,Y
4970,389,385,,,,390,391,392,393,394,395,Y
4975,399,379,,391,,390,396,397,398,,,X
4980,399,379,,391,,392,396,397,398,,,X
4985,400,,,391,,392,396,397,398,,,X
4990,401,400,,393,391,394,396,397,398,,,X
4995,402,400,401,393,391,394,396,397,398,,,X
5000,404,400,401,393,391,395,387,388,389,399,403,Y
5005,405,396,401,,392,395,387,388,389,399,403,Y
5010,400,396,397,,392,391,387,388,389,399,403,Y
5015,400,396,397,,392,391,387,388,389,399,403,Y
5020,401,398,397,,394,392,387,388,389,399,403,Y
5025,401,398,402,387,394,392,393,395,,,,X
5030,396,398,402,387,394,388,393,395,,,,X
5035,396,404,402,387,403,388,393,395,,,,X
5040,397,404,405,389,387,394,393,395,,,,X
5045,397,404,405,389,387,394,393,395,,,,X
5050,406,,405,389,387,399,400,401,396,398,402,Y
5055,404,406,393,,388,399,400,401,396,398,402,Y
5060,404,406,393,,388,387,400,401,396,398,402,Y
5065,405,406,395,,388,387,400,401,396,398,402,Y
5070,405,393,395,,389,388,400,401,396,398,402,Y
5075,406,393,,400,389,388,403,399,,,,X
5080,406,395,,400,389,401,403,399,,,,X
5085,407,395,,400,398,401,403,399,,,,X
5090,408,407,,396,400,389,403,399,,,,X
5095,409,407,408,396,400,389,403,399,,,,X
5100,411,407,408,396,400,398,397,404,405,406,410,Y
5105,412,403,408,,401,398,397,404,405,406,410,Y
5110,407,403,399,,401,400,397,404,405,406,410,Y
5115,407,403,399,,401,400,397,404,405,406,410,Y
5120,408,409,411,,396,401,397,404,405,406,410,Y
5125,408,409,411,397,396,401,398,,,,,X
5130,403,409,411,397,396,404,398,,,,,X
5135,403,399,412,397,402,404,398,,,,,X
5140,409,399,412,405,397,396,398,,,,,X
5145,409,,412,405,397,396,398,,,,,X
5150,414,,398,405,397,406,407,408,403,411,413,Y
5155,412,414,398,402,404,406,407,408,403,411,413,Y
5160,412,414,,402,404,397,407,408,403,411,413,Y
5165,415,414,,402,404,397,407,408,403,411,413,Y
5170,416,398,415,410,405,404,407,408,403,411,413,Y
5175,414,398,415,407,405,404,406,402,,,,X
5180,414,416,415,407,405,408,406,402,,,,X
5185,417,416,,407,411,408,406,402,,,,X
5190,415,416,417,403,407,405,406,402,,,,X
5195,415,,417,403,407,405,406,402,,,,X
5200,419,,417,403,407,411,409,412,414,416,418,Y
5205,420,419,406,413,408,411,409,412,414,416,418,Y
5210,417,419,406,,408,407,409,412,414,416,418,Y
5215,417,419,402,,408,407,409,412,414,416,418,Y
5220,421,406,402,,403,408,409,412,414,416,418,Y
5225,419,406,420,409,403,408,410,413,411,,,X
5230,419,402,420,409,403,412,410,413,411,,,X
5235,422,402,420,409,416,412,410,413,411,,,X
5240,423,421,422,414,409,403,410,413,411,,,X
5245,420,421,422,414,409,403,410,413,411,,,X
5250,420,421,422,414,409,416,415,417,419,424,425,Y
5255,426,423,411,418,412,416,415,417,419,424,425,Y
5260,421,423,411,,412,409,415,417,419,424,425,Y
5265,421,423,410,,412,409,415,417,419,424,425,Y
5270,422,411,410,,414,412,415,417,419,424,425,Y
5275,422,411,410,415,414,412,418,416,,,,X
5280,423,413,426,415,414,417,418,416,,,,X
5285,423,413,426,415,424,417,418,416,,,,X
5290,410,413,426,419,415,414,418,416,,,,X
5295,410,,,419,415,414,418,416,,,,X
5300,426,418,416,419,415,,420,421,422,423,413,Y
5305,426,418,416,425,417,415,420,421,422,423,413,Y
5310,427,418,,,417,415,420,421,422,423,413,Y
5315,428,416,427,,417,,420,421,422,423,413,Y
5320,418,416,427,,419,417,420,421,422,423,413,Y
5325,418,428,427,420,419,417,424,425,,,,X
5330,429,428,,420,419,421,424,425,,,,X
5335,427,428,429,420,413,421,424,425,,,,X
5340,427,,429,422,420,419,424,425,,,,X
5345,428,,429,422,420,419,424,425,,,,X
5350,428,424,425,422,420,423,410,426,418,427,430,Y
5355,429,424,425,413,421,423,410,426,418,427,430,Y
5360,429,424,425,413,421,420,410,426,418,427,430,Y
5365,431,,,413,421,420,410,426,418,427,430,Y
5370,424,431,,,422,421,410,426,418,427,430,Y
5375,424,431,,410,422,421,423,413,,,,X
5380,425,431,,410,422,426,423,413,,,,X
5385,425,,,410,430,426,423,413,,,,X
5390,431,,,418,410,422,423,413,,,,X
5395,431,,,418,410,422,423,413,,,,X
5400,433,,423,418,410,427,428,429,424,425,432,Y
5405,434,433,423,,426,427,428,429,424,425,432,Y
5410,435,433,413,,426,410,428,429,424,425,432,Y
5415,436,433,413,,426,410,428,429,424,425,432,Y
5420,437,423,434,,418,426,428,429,424,425,432,Y
5425,433,423,434,428,418,426,430,427,,,,X
5430,433,413,434,428,418,429,430,427,,,,X
5435,438,413,435,428,432,429,430,427,,,,X
5440,434,436,435,424,428,418,430,427,,,,X
5445,434,436,435,424,428,418,430,427,,,,X
5450,442,436,427,424,428,425,431,433,439,440,441,Y
5455,435,437,427,,429,425,431,433,439,440,441,Y
5460,435,437,438,,429,428,431,433,439,440,441,Y
5465,436,437,438,,429,428,431,433,439,440,441,Y
5470,436,427,438,,424,429,431,433,439,440,441,Y
5475,437,427,430,431,424,429,432,425,,,,X
5480,437,442,430,431,424,433,432,425,,,,X
5485,438,442,430,431,439,433,432,425,,,,X
5490,438,442,,440,431,424,432,425,,,,X
5495,430,,,441,431,424,432,425,,,,X
5500,430,432,425,,431,,434,435,436,437,438,Y
5505,442,432,425,,433,431,434,435,436,437,438,Y
5510,442,432,,,433,431,434,435,436,437,438,Y
5515,443,425,,,433,,434,435,436,437,438,Y
5520,432,425,443,,,433,434,435,436,437,438,Y
5525,432,,443,434,,433,439,440,441,,,X
5530,444,,443,434,,435,439,440,441,,,X
5535,445,444,,434,,435,439,440,441,,,X
5540,443,444,445,436,434,437,439,440,441,,,X
5545,443,444,445,436,434,437,439,440,441,,,X
5550,448,439,445,436,434,438,430,442,432,446,447,Y
5555,444,439,440,,435,438,430,442,432,446,447,Y
5560,444,439,440,,435,434,430,442,432,446,447,Y
5565,445,441,440,,435,434,430,442,432,446,447,Y
5570,445,441,448,,437,435,430,442,432,446,447,Y
5575,439,441,448,430,437,435,436,438,,,,X
5580,439,,448,430,437,442,436,438,,,,X
5585,440,,,430,446,442,436,438,,,,X
5590,440,,,432,430,437,436,438,,,,X
5595,441,,,432,430,437,436,438,,,,X
5600,441,,436,432,430,,443,444,445,439,440,Y
5605,448,,436,447,442,430,443,444,445,439,440,Y
5610,448,,438,,442,430,443,444,445,439,440,Y
5615,449,436,438,,442,,443,444,445,439,440,Y
5620,450,436,449,,432,442,443,444,445,439,440,Y
5625,451,438,449,443,432,442,446,447,,,,X
5630,452,438,449,443,432,444,446,447,,,,X
5635,453,450,451,443,,444,446,447,,,,X
5640,449,450,451,445,443,432,446,447,,,,X
5645,449,450,451,445,443,432,446,447,,,,X
5650,457,452,453,445,443,439,441,448,454,455,456,Y
5655,450,452,453,440,444,439,441,448,454,455,456,Y
5660,450,452,453,440,444,443,441,448,454,455,456,Y
5665,451,446,447,440,444,443,441,448,454,455,456,Y
5670,451,446,447,,445,444,441,448,454,455,456,Y
5675,452,446,447,441,445,444,439,440,,,,X
5680,452,457,,441,445,448,439,440,,,,X
5685,453,457,,441,454,448,439,440,,,,X
5690,453,457,,455,441,445,439,440,,,,X
5695,446,,,456,441,445,439,440,,,,X
5700,446,,439,,441,,449,450,451,452,453,Y
5705,447,,439,,448,441,449,450,451,452,453,Y
5710,447,,440,,448,441,449,450,451,452,453,Y
5715,457,439,440,,448,,449,450,451,452,453,Y
5720,457,439,,,,448,449,450,451,452,453,Y
5725,458,440,,449,,448,454,455,456,,,X
5730,459,440,458,449,,450,454,455,456,,,X
5735,460,459,458,449,,450,454,455,456,,,X
5740,461,459,458,451,449,452,454,455,456,,,X
5745,462,459,460,451,449,452,454,455,456,,,X
5750,464,461,460,451,449,453,446,447,457,458,463,Y
5755,459,461,460,,450,453,446,447,457,458,463,Y
5760,459,461,454,,450,449,446,447,457,458,463,Y
5765,460,455,454,,450,449,446,447,457,458,463,Y
5770,460,455,454,,452,450,446,447,457,458,463,Y
5775,461,455,456,446,452,450,451,453,,,,X
5780,461,462,456,446,452,447,451,453,,,,X
5785,454,462,456,446,458,447,451,453,,,,X
5790,454,462,464,457,446,452,451,453,,,,X
5795,455,,464,457,446,452,451,453,,,,X
5800,455,,464,457,446,458,459,460,461,454,456,Y
5805,462,,451,463,447,458,459,460,461,454,456,Y
5810,462,,451,,447,446,459,460,461,454,456,Y
5815,464,,453,,447,446,459,460,461,454,456,Y
5820,464,451,453,,457,447,459,460,461,454,456,Y
5825,465,451,,459,457,447,463,458,,,,X
5830,466,453,465,459,457,460,463,458,,,,X
5835,467,453,465,459,456,460,463,458,,,,X
5840,468,466,465,461,459,457,463,458,,,,X
5845,469,466,467,461,459,457,463,458,,,,X
5850,471,466,467,461,459,454,455,462,464,465,470,Y
5855,472,468,467,456,460,454,455,462,464,465,470,Y
5860,466,468,458,456,460,459,455,462,464,465,470,Y
5865,466,468,458,456,460,459,455,462,464,465,470,Y
5870,467,463,469,,461,460,455,462,464,465,470,Y
5875,467,463,469,455,461,460,454,456,,,,X
5880,468,463,469,455,461,462,454,456,,,,X
5885,468,458,471,455,465,462,454,456,,,,X
5890,463,458,471,464,455,461,454,456,,,,X
5895,463,472,471,464,455,461,454,456,,,,X
5900,474,472,454,464,455,465,466,467,468,469,473,Y
5905,471,472,454,470,462,465,466,467,468,469,473,Y
5910,471,474,456,,462,455,466,467,468,469,473,Y
5915,472,474,456,,462,455,466,467,468,469,473,Y
5920,472,474,,,464,462,466,467,468,469,473,Y
5925,475,454,,466,464,462,470,465,,,,X
5930,474,454,475,466,464,467,470,465,,,,X
5935,474,456,475,466,469,467,470,465,,,,X
5940,476,456,475,468,466,464,470,465,,,,X
5945,477,476,,468,466,464,470,465,,,,X
5950,478,476,465,468,466,469,463,471,472,474,475,Y
5955,479,476,465,473,467,469,463,471,472,474,475,Y
5960,480,470,477,,467,466,463,471,472,474,475,Y
5965,476,470,477,,467,466,463,471,472,474,475,Y
5970,476,470,477,,468,467,463,471,472,474,475,Y
5975,481,465,478,463,468,467,473,469,,,,X
5980,470,465,478,463,468,471,473,469,,,,X
5985,470,479,478,463,475,471,473,469,,,,X
5990,477,479,480,472,463,468,473,469,,,,X
5995,477,479,480,472,463,468,473,469,,,,X
6000,484,481,480,472,463,474,476,470,478,482,483,Y
6005,479,481,469,475,471,474,476,470,478,482,483,Y
6010,479,481,469,475,471,463,476,470,478,482,483,Y
6015,480,473,484,475,471,463,476,470,478,482,483,Y
6020,480,473,484,,472,471,476,470,478,482,483,Y
6025,481,473,484,476,472,471,474,475,,,,X
6030,481,469,,476,472,470,474,475,,,,X
6035,473,469,,476,478,470,474,475,,,,X
6040,473,,,482,476,472,474,475,,,,X
6045,484,,,478,476,472,474,475,,,,X
6050,484,,474,478,476,,477,479,480,481,473,Y
6055,485,,474,478,470,476,477,479,480,481,473,Y
6060,486,485,475,483,470,476,477,479,480,481,473,Y
6065,487,485,475,,470,,477,479,480,481,473,Y
6070,488,485,486,,478,470,477,479,480,481,473,Y
6075,489,474,486,477,478,470,482,483,,,,X
6080,485,474,486,477,478,479,482,483,,,,X
6085,485,475,487,477,,479,482,483,,,,X
6090,486,475,487,480,477,478,482,483,,,,X
6095,486,488,487,480,477,478,482,483,,,,X
6100,493,488,489,480,477,481,484,485,490,491,492,Y
6105,487,488,489,473,479,481,484,485,490,491,492,Y
6110,487,482,489,473,479,477,484,485,490,491,492,Y
6115,488,482,483,473,479,477,484,485,490,491,492,Y
6120,488,482,483,,480,479,484,485,490,491,492,Y
6125,489,493,483,484,480,479,481,473,,,,X
6130,489,493,,484,480,485,481,473,,,,X
6135,482,493,,484,490,485,481,473,,,,X
6140,482,,,491,484,480,481,473,,,,X
6145,483,,,492,484,480,481,473,,,,X
6150,483,,481,,484,,486,487,488,489,482,Y
6155,493,,481,,485,484,486,487,488,489,482,Y
6160,493,,473,,485,484,486,487,488,489,482,Y
6165,494,481,473,,485,,486,487,488,489,482,Y
6170,495,481,494,,,485,486,487,488,489,482,Y
6175,496,473,494,486,,485,490,491,492,,,X
6180,497,473,494,486,,487,490,491,492,,,X
6185,498,495,496,486,,487,490,491,492,,,X
6190,494,495,496,488,486,489,490,491,492,,,X
6195,494,495,496,488,486,489,490,491,492,,,X
6200,502,497,498,488,486,482,483,493,499,500,501,Y
6205,495,497,498,,487,482,483,493,499,500,501,Y
6210,495,497,498,,487,486,483,493,499,500,501,Y
6215,496,490,491,,487,486,483,493,499,500,501,Y
6220,496,490,491,,489,487,483,493,499,500,501,Y
6225,497,490,491,483,489,487,488,482,,,,X
6230,497,492,502,483,489,493,488,482,,,,X
6235,498,492,502,483,499,493,488,482,,,,X
6240,498,492,502,500,483,489,488,482,,,,X
6245,490,,,501,483,489,488,482,,,,X
6250,490,,488,,483,,494,495,496,497,498,Y
6255,491,,488,,493,483,494,495,496,497,498,Y
6260,491,,482,,493,483,494,495,496,497,498,Y
6265,492,488,482,,493,,494,495,496,497,498,Y
6270,492,488,,,,493,494,495,496,497,498,Y
6275,502,482,,494,,493,499,500,501,,,X
6280,502,482,,494,,495,499,500,501,,,X
6285,503,,,494,,495,499,500,501,,,X
6290,504,503,,496,494,497,499,500,501,,,X
6295,505,503,504,496,494,497,499,500,501,,,X
6300,507,503,504,496,494,498,490,491,492,502,506,Y
6305,508,499,504,,495,498,490,491,492,502,506,Y
6310,503,499,500,,495,494,490,491,492,502,506,Y
6315,503,499,500,,495,494,490,491,492,502,506,Y
6320,504,501,500,,497,495,490,491,492,502,506,Y
6325,504,501,505,490,497,495,496,498,,,,X
6330,499,501,505,490,497,491,496,498,,,,X
6335,499,507,505,490,506,491,496,498,,,,X
6340,500,507,508,492,490,497,496,498,,,,X
6345,500,507,508,492,490,497,496,498,,,,X
6350,509,,508,492,490,502,503,504,499,501,505,Y
6355,507,509,496,,491,502,503,504,499,501,505,Y
6360,507,509,496,,491,490,503,504,499,501,505,Y
6365,508,509,498,,491,490,503,504,499,501,505,Y
6370,508,496,498,,492,491,503,504,499,501,505,Y
6375,509,496,,503,492,491,506,502,,,,X
6380,509,498,,503,492,504,506,502,,,,X
6385,510,498,,503,501,504,506,502,,,,X
6390,511,510,,499,503,492,506,502,,,,X
6395,512,510,511,499,503,492,506,502,,,,X
6400,514,510,511,499,503,501,500,507,508,509,513,Y
6405,515,506,511,,504,501,500,507,508,509,513,Y
6410,510,506,502,,504,503,500,507,508,509,513,Y
6415,510,506,502,,504,503,500,507,508,509,513,Y
6420,511,512,514,,499,504,500,507,508,509,513,Y
6425,511,512,514,500,499,504,501,,,,,X
6430,506,512,514,500,499,507,501,,,,,X
6435,506,502,515,500,505,507,501,,,,,X
6440,512,502,515,508,500,499,501,,,,,X
6445,512,,515,508,500,499,501,,,,,X
6450,517,,501,508,500,509,510,511,506,514,516,Y
6455,515,517,501,505,507,509,510,511,506,514,516,Y
6460,515,517,,505,507,500,510,511,506,514,516,Y
6465,518,517,,505,507,500,510,511,506,514,516,Y
6470,519,501,518,513,508,507,510,511,506,514,516,Y
6475,517,501,518,510,508,507,509,505,,,,X
6480,517,519,518,510,508,511,509,505,,,,X
6485,520,519,,510,514,511,509,505,,,,X
6490,518,519,520,506,510,508,509,505,,,,X
6495,518,,520,506,510,508,509,505,,,,X
6500,522,,520,506,510,514,512,515,517,519,521,Y
6505,523,522,509,516,511,514,512,515,517,519,521,Y
6510,520,522,509,,511,510,512,515,517,519,521,Y
6515,520,522,505,,511,510,512,515,517,519,521,Y
6520,524,509,505,,506,511,512,515,517,519,521,Y
6525,522,509,523,512,506,511,513,516,514,,,X
6530,522,505,523,512,506,515,513,516,514,,,X
6535,525,505,523,512,519,515,513,516,514,,,X
6540,526,524,525,517,512,506,513,516,514,,,X
6545,523,524,525,517,512,506,513,516,514,,,X
6550,523,524,525,517,512,519,518,520,522,527,528,Y
6555,529,526,514,521,515,519,518,520,522,527,528,Y
6560,524,526,514,,515,512,518,520,522,527,528,Y
6565,524,526,513,,515,512,518,520,522,527,528,Y
6570,525,514,513,,517,515,518,520,522,527,528,Y
6575,525,514,513,518,517,515,521,519,,,,X
6580,526,516,529,518,517,520,521,519,,,,X
6585,526,516,529,518,527,520,521,519,,,,X
6590,513,516,529,522,518,517,521,519,,,,X
6595,513,,,522,518,517,521,519,,,,X
6600,529,521,519,522,518,,523,524,525,526,516,Y
6605,529,521,519,528,520,518,523,524,525,526,516,Y
6610,530,521,,,520,518,523,524,525,526,516,Y
6615,531,519,530,,520,,523,524,525,526,516,Y
6620,521,519,530,,522,520,523,524,525,526,516,Y
6625,521,531,530,523,522,520,527,528,,,,X
6630,532,531,,523,522,524,527,528,,,,X
6635,530,531,532,523,516,524,527,528,,,,X
6640,530,,532,525,523,522,527,528,,,,X
6645,531,,532,525,523,522,527,528,,,,X
6650,531,527,528,525,523,526,513,529,521,530,533,Y
6655,532,527,528,516,524,526,513,529,521,530,533,Y
6660,532,527,528,516,524,523,513,529,521,530,533,Y
6665,534,,,516,524,523,513,529,521,530,533,Y
6670,527,534,,,525,524,513,529,521,530,533,Y
6675,527,534,,513,525,524,526,516,,,,X
6680,528,534,,513,525,529,526,516,,,,X
6685,528,,,513,533,529,526,516,,,,X
6690,534,,,521,513,525,526,516,,,,X
6695,534,,,521,513,525,526,516,,,,X
6700,536,,526,521,513,530,531,532,527,528,535,Y
6705,537,536,526,,529,530,531,532,527,528,535,Y
6710,538,536,516,,529,513,531,532,527,528,535,Y
6715,539,536,516,,529,513,531,532,527,528,535,Y
6720,540,526,537,,521,529,531,532,527,528,535,Y
6725,536,526,537,531,521,529,533,530,,,,X
6730,536,516,537,531,521,532,533,530,,,,X
6735,541,516,538,531,535,532,533,530,,,,X
6740,537,539,538,527,531,521,533,530,,,,X
6745,537,539,538,527,531,521,533,530,,,,X
6750,545,539,530,527,531,528,534,536,542,543,544,Y
6755,538,540,530,,532,528,534,536,542,543,544,Y
6760,538,540,541,,532,531,534,536,542,543,544,Y
6765,539,540,541,,532,531,534,536,542,543,544,Y
6770,539,530,541,,527,532,534,536,542,543,544,Y
6775,540,530,533,534,527,532,535,528,,,,X
6780,540,545,533,534,527,536,535,528,,,,X
6785,541,545,533,534,542,536,535,528,,,,X
6790,541,545,,543,534,527,535,528,,,,X
6795,533,,,544,534,527,535,528,,,,X
6800,533,535,528,,534,,537,538,539,540,541,Y
6805,545,535,528,,536,534,537,538,539,540,541,Y
6810,545,535,,,536,534,537,538,539,540,541,Y
6815,546,528,,,536,,537,538,539,540,541,Y
6820,535,528,546,,,536,537,538,539,540,541,Y
6825,535,,546,537,,536,542,543,544,,,X
6830,547,,546,537,,538,542,543,544,,,X
6835,548,547,,537,,538,542,543,544,,,X
6840,546,547,548,539,537,540,542,543,544,,,X
6845,546,547,548,539,537,540,542,543,544,,,X
6850,551,542,548,539,537,541,533,545,535,549,550,Y
6855,547,542,543,,538,541,533,545,535,549,550,Y
6860,547,542,543,,538,537,533,545,535,549,550,Y
6865,548,544,543,,538,537,533,545,535,549,550,Y
6870,548,544,551,,540,538,533,545,535,549,550,Y
6875,542,544,551,533,540,538,539,541,,,,X
6880,542,,551,533,540,545,539,541,,,,X
6885,543,,,533,549,545,539,541,,,,X
6890,543,,,535,533,540,539,541,,,,X
6895,544,,,535,533,540,539,541,,,,X
6900,544,,539,535,533,,546,547,548,542,543,Y
6905,551,,539,550,545,533,546,547,548,542,543,Y
6910,551,,541,,545,533,546,547,548,542,543,Y
6915,552,539,541,,545,,546,547,548,542,543,Y
6920,553,539,552,,535,545,546,547,548,542,543,Y
6925,554,541,552,546,535,545,549,550,,,,X
6930,555,541,552,546,535,547,549,550,,,,X
6935,556,553,554,546,,547,549,550,,,,X
6940,552,553,554,548,546,535,549,550,,,,X
6945,552,553,554,548,546,535,549,550,,,,X
6950,560,555,556,548,546,542,544,551,557,558,559,Y
6955,553,555,556,543,547,542,544,551,557,558,559,Y
6960,553,555,556,543,547,546,544,551,557,558,559,Y
6965,554,549,550,543,547,546,544,551,557,558,559,Y
6970,554,549,550,,548,547,544,551,557,558,559,Y
6975,555,549,550,544,548,547,542,543,,,,X
6980,555,560,,544,548,551,542,543,,,,X
6985,556,560,,544,557,551,542,543,,,,X
6990,556,560,,558,544,548,542,543,,,,X
6995,549,,,559,544,548,542,543,,,,X
7000,549,,542,,544,,552,553,554,555,556,Y
7005,550,,542,,551,544,552,553,554,555,556,Y
7010,550,,543,,551,544,552,553,554,555,556,Y
7015,560,542,543,,551,,552,553,554,555,556,Y
7020,560,542,,,,551,552,553,554,555,556,Y
7025,561,543,,552,,551,557,558,559,,,X
7030,562,543,561,552,,553,557,558,559,,,X
7035,563,562,561,552,,553,557,558,559,,,X
7040,564,562,561,554,552,555,557,558,559,,,X
7045,565,562,563,554,552,555,557,558,559,,,X
7050,567,564,563,554,552,556,549,550,560,561,566,Y
7055,562,564,563,,553,556,549,550,560,561,566,Y
7060,562,564,557,,553,552,549,550,560,561,566,Y
7065,563,558,557,,553,552,549,550,560,561,566,Y
7070,563,558,557,,555,553,549,550,560,561,566,Y
7075,564,558,559,549,555,553,554,556,,,,X
7080,564,565,559,549,555,550,554,556,,,,X
7085,557,565,559,549,561,550,554,556,,,,X
7090,557,565,567,560,549,555,554,556,,,,X
7095,558,,567,560,549,555,554,556,,,,X
7100,558,,567,560,549,561,562,563,564,557,559,Y
7105,565,,554,566,550,561,562,563,564,557,559,Y
7110,565,,554,,550,549,562,563,564,557,559,Y
7115,567,,556,,550,549,562,563,564,557,559,Y
7120,567,554,556,,560,550,562,563,564,557,559,Y
7125,568,554,,562,560,550,566,561,,,,X
7130,569,556,568,562,560,563,566,561,,,,X
7135,570,556,568,562,559,563,566,561,,,,X
7140,571,569,568,564,562,560,566,561,,,,X
7145,572,569,570,564,562,560,566,561,,,,X
7150,574,569,570,564,562,557,558,565,567,568,573,Y
7155,575,571,570,559,563,557,558,565,567,568,573,Y
7160,569,571,561,559,563,562,558,565,567,568,573,Y
7165,569,571,561,559,563,562,558,565,567,568,573,Y
7170,570,566,572,,564,563,558,565,567,568,573,Y
7175,570,566,572,558,564,563,557,559,,,,X
7180,571,566,572,558,564,565,557,559,,,,X
7185,571,561,574,558,568,565,557,559,,,,X
7190,566,561,574,567,558,564,557,559,,,,X
7195,566,575,574,567,558,564,557,559,,,,X
7200,577,575,557,567,558,568,569,570,571,572,576,Y
7205,574,575,557,573,565,568,569,570,571,572,576,Y
7210,574,577,559,,565,558,569,570,571,572,576,Y
7215,575,577,559,,565,558,569,570,571,572,576,Y
7220,575,577,,,567,565,569,570,571,572,576,Y
7225,578,557,,569,567,565,573,568,,,,X
7230,577,557,578,569,567,570,573,568,,,,X
7235,577,559,578,569,572,570,573,568,,,,X
7240,579,559,578,571,569,567,573,568,,,,X
7245,580,579,,571,569,567,573,568,,,,X
7250,581,579,568,571,569,572,566,574,575,577,578,Y
7255,582,579,568,576,570,572,566,574,575,577,578,Y
7260,583,573,580,,570,569,566,574,575,577,578,Y
7265,579,573,580,,570,569,566,574,575,577,578,Y
7270,579,573,580,,571,570,566,574,575,577,578,Y
7275,584,568,581,566,571,570,576,572,,,,X
7280,573,568,581,566,571,574,576,572,,,,X
7285,573,582,581,566,578,574,576,572,,,,X
7290,580,582,583,575,566,571,576,572,,,,X
7295,580,582,583,575,566,571,576,572,,,,X
7300,587,584,583,575,566,577,579,573,581,585,586,Y
7305,582,584,572,578,574,577,579,573,581,585,586,Y
7310,582,584,572,578,574,566,579,573,581,585,586,Y
7315,583,576,587,578,574,566,579,573,581,585,586,Y
7320,583,576,587,,575,574,579,573,581,585,586,Y
7325,584,576,587,579,575,574,577,578,,,,X
7330,584,572,,579,575,573,577,578,,,,X
7335,576,572,,579,581,573,577,578,,,,X
7340,576,,,585,579,575,577,578,,,,X
7345,587,,,581,579,575,577,578,,,,X
7350,587,,577,581,579,,580,582,583,584,576,Y
7355,588,,577,581,573,579,580,582,583,584,576,Y
7360,589,588,578,586,573,579,580,582,583,584,576,Y
7365,590,588,578,,573,,580,582,583,584,576,Y
7370,591,588,589,,581,573,580,582,583,584,576,Y
7375,592,577,589,580,581,573,585,586,,,,X
7380,588,577,589,580,581,582,585,586,,,,X
7385,588,578,590,580,,582,585,586,,,,X
7390,589,578,590,583,580,581,585,586,,,,X
7395,589,591,590,583,580,581,585,586,,,,X
7400,596,591,592,583,580,584,587,588,593,594,595,Y
7405,590,591,592,576,582,584,587,588,593,594,595,Y
7410,590,585,592,576,582,580,587,588,593,594,595,Y
7415,591,585,586,576,582,580,587,588,593,594,595,Y
7420,591,585,586,,583,582,587,588,593,594,595,Y
7425,592,596,586,587,583,582,584,576,,,,X
7430,592,596,,587,583,588,584,576,,,,X
7435,585,596,,587,593,588,584,576,,,,X
7440,585,,,594,587,583,584,576,,,,X
7445,586,,,595,587,583,584,576,,,,X
7450,586,,584,,587,,589,590,591,592,585,Y
7455,596,,584,,588,587,589,590,591,592,585,Y
7460,596,,576,,588,587,589,590,591,592,585,Y
7465,597,584,576,,588,,589,590,591,592,585,Y
7470,598,584,597,,,588,589,590,591,592,585,Y
7475,599,576,597,589,,588,593,594,595,,,X
7480,600,576,597,589,,590,593,594,595,,,X
7485,601,598,599,589,,590,593,594,595,,,X
7490,597,598,599,591,589,592,593,594,595,,,X
7495,597,598,599,591,589,592,593,594,595,,,X
7500,605,600,601,591,589,585,586,596,602,603,604,Y
7505,598,600,601,,590,585,586,596,602,603,604,Y
7510,598,600,601,,590,589,586,596,602,603,604,Y
7515,599,593,594,,590,589,586,596,602,603,604,Y
7520,599,593,594,,592,590,586,596,602,603,604,Y
7525,600,593,594,586,592,590,591,585,,,,X
7530,600,595,605,586,592,596,591,585,,,,X
7535,601,595,605,586,602,596,591,585,,,,X
7540,601,595,605,603,586,592,591,585,,,,X
7545,593,,,604,586,592,591,585,,,,X
7550,593,,591,,586,,597,598,599,600,601,Y
7555,594,,591,,596,586,597,598,599,600,601,Y
7560,594,,585,,596,586,597,598,599,600,601,Y
7565,595,591,585,,596,,597,598,599,600,601,Y
7570,595,591,,,,596,597,598,599,600,601,Y
7575,605,585,,597,,596,602,603,604,,,X
7580,605,585,,597,,598,602,603,604,,,X
7585,606,,,597,,598,602,603,604,,,X
7590,607,606,,599,597,600,602,603,604,,,X
7595,608,606,607,599,597,600,602,603,604,,,X
7600,610,606,607,599,597,601,593,594,595,605,609,Y
7605,611,602,607,,598,601,593,594,595,605,609,Y
7610,606,602,603,,598,597,593,594,595,605,609,Y
7615,606,602,603,,598,597,593,594,595,605,609,Y
7620,607,604,603,,600,598,593,594,595,605,609,Y
7625,607,604,608,593,600,598,599,601,,,,X
7630,602,604,608,593,600,594,599,601,,,,X
7635,602,610,608,593,609,594,599,601,,,,X
7640,603,610,611,595,593,600,599,601,,,,X
7645,603,610,611,595,593,600,599,601,,,,X
7650,612,,611,595,593,605,606,607,602,604,608,Y
7655,610,612,599,,594,605,606,607,602,604,608,Y
7660,610,612,599,,594,593,606,607,602,604,608,Y
7665,611,612,601,,594,593,606,607,602,604,608,Y
7670,611,599,601,,595,594,606,607,602,604,608,Y
7675,612,599,,606,595,594,609,605,,,,X
7680,612,601,,606,595,607,609,605,,,,X
7685,613,601,,606,604,607,609,605,,,,X
7690,614,613,,602,606,595,609,605,,,,X
7695,615,613,614,602,606,595,609,605,,,,X
7700,617,613,614,602,606,604,603,610,611,612,616,Y
7705,618,609,614,,607,604,603,610,611,612,616,Y
7710,613,609,605,,607,606,603,610,611,612,616,Y
7715,613,609,605,,607,606,603,610,611,612,616,Y
7720,614,615,617,,602,607,603,610,611,612,616,Y
7725,614,615,617,603,602,607,604,,,,,X
7730,609,615,617,603,602,610,604,,,,,X
7735,609,605,618,603,608,610,604,,,,,X
7740,615,605,618,611,603,602,604,,,,,X
7745,615,,618,611,603,602,604,,,,,X
7750,620,,604,611,603,612,613,614,609,617,619,Y
7755,618,620,604,608,610,612,613,614,609,617,619,Y
7760,618,620,,608,610,603,613,614,609,617,619,Y
7765,621,620,,608,610,603,613,614,609,617,619,Y
7770,622,604,621,616,611,610,613,614,609,617,619,Y
7775,620,604,621,613,611,610,612,608,,,,X
7780,620,622,621,613,611,614,612,608,,,,X
7785,623,622,,613,617,614,612,608,,,,X
7790,621,622,623,609,613,611,612,608,,,,X
7795,621,,623,609,613,611,612,608,,,,X
7800,625,,623,609,613,617,615,618,620,622,624,Y
7805,626,625,612,619,614,617,615,618,620,622,624,Y
7810,623,625,612,,614,613,615,618,620,622,624,Y
7815,623,625,608,,614,613,615,618,620,622,624,Y
7820,627,612,608,,609,614,615,618,620,622,624,Y
7825,625,612,626,615,609,614,616,619,617,,,X
7830,625,608,626,615,609,618,616,619,617,,,X
7835,628,608,626,615,622,618,616,619,617,,,X
7840,629,627,628,620,615,609,616,619,617,,,X
7845,626,627,628,620,615,609,616,619,617,,,X
7850,626,627,628,620,615,622,621,623,625,630,631,Y
7855,632,629,617,624,618,622,621,623,625,630,631,Y
7860,627,629,617,,618,615,621,623,625,630,631,Y
7865,627,629,616,,618,615,621,623,625,630,631,Y
7870,628,617,616,,620,618,621,623,625,630,631,Y
7875,628,617,616,621,620,618,624,622,,,,X
7880,629,619,632,621,620,623,624,622,,,,X
7885,629,619,632,621,630,623,624,622,,,,X
7890,616,619,632,625,621,620,624,622,,,,X
7895,616,,,625,621,620,624,622,,,,X
7900,632,624,622,625,621,,626,627,628,629,619,Y
7905,632,624,622,631,623,621,626,627,628,629,619,Y
7910,633,624,,,623,621,626,627,628,629,619,Y
7915,634,622,633,,623,,626,627,628,629,619,Y
7920,624,622,633,,625,623,626,627,628,629,619,Y
7925,624,634,633,626,625,623,630,631,,,,X
7930,635,634,,626,625,627,630,631,,,,X
7935,633,634,635,626,619,627,630,631,,,,X
7940,633,,635,628,626,625,630,631,,,,X
7945,634,,635,628,626,625,630,631,,,,X
7950,634,630,631,628,626,629,616,632,624,633,636,Y
7955,635,630,631,619,627,629,616,632,624,633,636,Y
7960,635,630,631,619,627,626,616,632,624,633,636,Y
7965,637,,,619,627,626,616,632,624,633,636,Y
7970,630,637,,,628,627,616,632,624,633,636,Y
7975,630,637,,616,628,627,629,619,,,,X
7980,631,637,,616,628,632,629,619,,,,X
7985,631,,,616,636,632,629,619,,,,X
7990,637,,,624,616,628,629,619,,,,X
7995,637,,,624,616,628,629,619,,,,X
8000,639,,629,624,616,633,634,635,630,631,638,Y
8005,640,639,629,,632,633,634,635,630,631,638,Y
8010,641,639,619,,632,616,634,635,630,631,638,Y
8015,642,639,619,,632,616,634,635,630,631,638,Y
8020,643,629,640,,624,632,634,635,630,631,638,Y
8025,639,629,640,634,624,632,636,633,,,,X
8030,639,619,640,634,624,635,636,633,,,,X
8035,644,619,641,634,638,635,636,633,,,,X
8040,640,642,641,630,634,624,636,633,,,,X
8045,640,642,641,630,634,624,636,633,,,,X
8050,648,642,633,630,634,631,637,639,645,646,647,Y
8055,641,643,633,,635,631,637,639,645,646,647,Y
8060,641,643,644,,635,634,637,639,645,646,647,Y
8065,642,643,644,,635,634,637,639,645,646,647,Y
8070,642,633,644,,630,635,637,639,645,646,647,Y
8075,643,633,636,637,630,635,638,631,,,,X
8080,643,648,636,637,630,639,638,631,,,,X
8085,644,648,636,637,645,639,638,631,,,,X
8090,644,648,,646,637,630,638,631,,,,X
8095,636,,,647,637,630,638,631,,,,X
8100,636,638,631,,637,,640,641,642,643,644,Y
8105,648,638,631,,639,637,640,641,642,643,644,Y
8110,648,638,,,639,637,640,641,642,643,644,Y
8115,649,631,,,639,,640,641,642,643,644,Y
8120,638,631,649,,,639,640,641,642,643,644,Y
8125,638,,649,640,,639,645,646,647,,,X
8130,650,,649,640,,641,645,646,647,,,X
8135,651,650,,640,,641,645,646,647,,,X
8140,649,650,651,642,640,643,645,646,647,,,X
8145,649,650,651,642,640,643,645,646,647,,,X
8150,654,645,651,642,640,644,636,648,638,652,653,Y
8155,650,645,646,,641,644,636,648,638,652,653,Y
8160,650,645,646,,641,640,636,648,638,652,653,Y
8165,651,647,646,,641,640,636,648,638,652,653,Y
8170,651,647,654,,643,641,636,648,638,652,653,Y
8175,645,647,654,636,643,641,642,644,,,,X
8180,645,,654,636,643,648,642,644,,,,X
8185,646,,,636,652,648,642,644,,,,X
8190,646,,,638,636,643,642,644,,,,X
8195,647,,,638,636,643,642,644,,,,X
8200,647,,642,638,636,,649,650,651,645,646,Y
8205,654,,642,653,648,636,649,650,651,645,646,Y
8210,654,,644,,648,636,649,650,651,645,646,Y
8215,655,642,644,,648,,649,650,651,645,646,Y
8220,656,642,655,,638,648,649,650,651,645,646,Y
8225,657,644,655,649,638,648,652,653,,,,X
8230,658,644,655,649,638,650,652,653,,,,X
8235,659,656,657,649,,650,652,653,,,,X
8240,655,656,657,651,649,638,652,653,,,,X
8245,655,656,657,651,649,638,652,653,,,,X
8250,663,658,659,651,649,645,647,654,660,661,662,Y
8255,656,658,659,646,650,645,647,654,660,661,662,Y
8260,656,658,659,646,650,649,647,654,660,661,662,Y
8265,657,652,653,646,650,649,647,654,660,661,662,Y
8270,657,652,653,,651,650,647,654,660,661,662,Y
8275,658,652,653,647,651,650,645,646,,,,X
8280,658,663,,647,651,654,645,646,,,,X
8285,659,663,,647,660,654,645,646,,,,X
8290,659,663,,661,647,651,645,646,,,,X
8295,652,,,662,647,651,645,646,,,,X
8300,652,,645,,647,,655,656,657,658,659,Y
8305,653,,645,,654,647,655,656,657,658,659,Y
8310,653,,646,,654,647,655,656,657,658,659,Y
8315,663,645,646,,654,,655,656,657,658,659,Y
8320,663,645,,,,654,655,656,657,658,659,Y
8325,664,646,,655,,654,660,661,662,,,X
8330,665,646,664,655,,656,660,661,662,,,X
8335,666,665,664,655,,656,660,661,662,,,X
8340,667,665,664,657,655,658,660,661,662,,,X
8345,668,665,666,657,655,658,660,661,662,,,X
8350,670,667,666,657,655,659,652,653,663,664,669,Y
8355,665,667,666,,656,659,652,653,663,664,669,Y
8360,665,667,660,,656,655,652,653,663,664,669,Y
8365,666,661,660,,656,655,652,653,663,664,669,Y
8370,666,661,660,,658,656,652,653,663,664,669,Y
8375,667,661,662,652,658,656,657,659,,,,X
8380,667,668,662,652,658,653,657,659,,,,X
8385,660,668,662,652,664,653,657,659,,,,X
8390,660,668,670,663,652,658,657,659,,,,X
8395,661,,670,663,652,658,657,659,,,,X
8400,661,,670,663,652,664,665,666,667,660,662,Y
8405,668,,657,669,653,664,665,666,667,660,662,Y
8410,668,,657,,653,652,665,666,667,660,662,Y
8415,670,,659,,653,652,665,666,667,660,662,Y
8420,670,657,659,,663,653,665,666,667,660,662,Y
8425,671,657,,665,663,653,669,664,,,,X
8430,672,659,671,665,663,666,669,664,,,,X
8435,673,659,671,665,662,666,669,664,,,,X
8440,674,672,671,667,665,663,669,664,,,,X
8445,675,672,673,667,665,663,669,664,,,,X
8450,677,672,673,667,665,660,661,668,670,671,676,Y
8455,678,674,673,662,666,660,661,668,670,671,676,Y
8460,672,674,664,662,666,665,661,668,670,671,676,Y
8465,672,674,664,662,666,665,661,668,670,671,676,Y
8470,673,669,675,,667,666,661,668,670,671,676,Y
8475,673,669,675,661,667,666,660,662,,,,X
8480,674,669,675,661,667,668,660,662,,,,X
8485,674,664,677,661,671,668,660,662,,,,X
8490,669,664,677,670,661,667,660,662,,,,X
8495,669,678,677,670,661,667,660,662,,,,X
8500,680,678,660,670,661,671,672,673,674,675,679,Y
8505,677,678,660,676,668,671,672,673,674,675,679,Y
8510,677,680,662,,668,661,672,673,674,675,679,Y
8515,678,680,662,,668,661,672,673,674,675,679,Y
8520,678,680,,,670,668,672,673,674,675,679,Y
8525,681,660,,672,670,668,676,671,,,,X
8530,680,660,681,672,670,673,676,671,,,,X
8535,680,662,681,672,675,673,676,671,,,,X
8540,682,662,681,674,672,670,676,671,,,,X
8545,683,682,,674,672,670,676,671,,,,X
8550,684,682,671,674,672,675,669,677,678,680,681,Y
8555,685,682,671,679,673,675,669,677,678,680,681,Y
8560,686,676,683,,673,672,669,677,678,680,681,Y
8565,682,676,683,,673,672,669,677,678,680,681,Y
8570,682,676,683,,674,673,669,677,678,680,681,Y
8575,687,671,684,669,674,673,679,675,,,,X
8580,676,671,684,669,674,677,679,675,,,,X
8585,676,685,684,669,681,677,679,675,,,,X
8590,683,685,686,678,669,674,679,675,,,,X
8595,683,685,686,678,669,674,679,675,,,,X
8600,690,687,686,678,669,680,682,676,684,688,689,Y
8605,685,687,675,681,677,680,682,676,684,688,689,Y
8610,685,687,675,681,677,669,682,676,684,688,689,Y
8615,686,679,690,681,677,669,682,676,684,688,689,Y
8620,686,679,690,,678,677,682,676,684,688,689,Y
8625,687,679,690,682,678,677,680,681,,,,X
8630,687,675,,682,678,676,680,681,,,,X
8635,679,675,,682,684,676,680,681,,,,X
8640,679,,,688,682,678,680,681,,,,X
8645,690,,,684,682,678,680,681,,,,X
8650,690,,680,684,682,,683,685,686,687,679,Y
8655,691,,680,684,676,682,683,685,686,687,679,Y
8660,692,691,681,689,676,682,683,685,686,687,679,Y
8665,693,691,681,,676,,683,685,686,687,679,Y
8670,694,691,692,,684,676,683,685,686,687,679,Y
8675,695,680,692,683,684,676,688,689,,,,X
8680,691,680,692,683,684,685,688,689,,,,X
8685,691,681,693,683,,685,688,689,,,,X
8690,692,681,693,686,683,684,688,689,,,,X
8695,692,694,693,686,683,684,688,689,,,,X
8700,699,694,695,686,683,687,690,691,696,697,698,Y
8705,693,694,695,679,685,687,690,691,696,697,698,Y
8710,693,688,695,679,685,683,690,691,696,697,698,Y
8715,694,688,689,679,685,683,690,691,696,697,698,Y
8720,694,688,689,,686,685,690,691,696,697,698,Y
8725,695,699,689,690,686,685,687,679,,,,X
8730,695,699,,690,686,691,687,679,,,,X
8735,688,699,,690,696,691,687,679,,,,X
8740,688,,,697,690,686,687,679,,,,X
8745,689,,,698,690,686,687,679,,,,X
8750,689,,687,,690,,692,693,694,695,688,Y
8755,699,,687,,691,690,692,693,694,695,688,Y
8760,699,,679,,691,690,692,693,694,695,688,Y
8765,700,687,679,,691,,692,693,694,695,688,Y
8770,701,687,700,,,691,692,693,694,695,688,Y
8775,702,679,700,692,,691,696,697,698,,,X
8780,703,679,700,692,,693,696,697,698,,,X
8785,704,701,702,692,,693,696,697,698,,,X
8790,700,701,702,694,692,695,696,697,698,,,X
8795,700,701,702,694,692,695,696,697,698,,,X
8800,708,703,704,694,692,688,689,699,705,706,707,Y
8805,701,703,704,,693,688,689,699,705,706,707,Y
8810,701,703,704,,693,692,689,699,705,706,707,Y
8815,702,696,697,,693,692,689,699,705,706,707,Y
8820,702,696,697,,695,693,689,699,705,706,707,Y
8825,703,696,697,689,695,693,694,688,,,,X
8830,703,698,708,689,695,699,694,688,,,,X
8835,704,698,708,689,705,699,694,688,,,,X
8840,704,698,708,706,689,695,694,688,,,,X
8845,696,,,707,689,695,694,688,,,,X
8850,696,,694,,689,,700,701,702,703,704,Y
8855,697,,694,,699,689,700,701,702,703,704,Y
8860,697,,688,,699,689,700,701,702,703,704,Y
8865,698,694,688,,699,,700,701,702,703,704,Y
8870,698,694,,,,699,700,701,702,703,704,Y
8875,708,688,,700,,699,705,706,707,,,X
8880,708,688,,700,,701,705,706,707,,,X
8885,709,,,700,,701,705,706,707,,,X
8890,710,709,,702,700,703,705,706,707,,,X
8895,711,709,710,702,700,703,705,706,707,,,X
8900,713,709,710,702,700,704,696,697,698,708,712,Y
8905,714,705,710,,701,704,696,697,698,708,712,Y
8910,709,705,706,,701,700,696,697,698,708,712,Y
8915,709,705,706,,701,700,696,697,698,708,712,Y
8920,710,707,706,,703,701,696,697,698,708,712,Y
8925,710,707,711,696,703,701,702,704,,,,X
8930,705,707,711,696,703,697,702,704,,,,X
8935,705,713,711,696,712,697,702,704,,,,X
8940,706,713,714,698,696,703,702,704,,,,X
8945,706,713,714,698,696,703,702,704,,,,X
8950,715,,714,698,696,708,709,710,705,707,711,Y
8955,713,715,702,,697,708,709,710,705,707,711,Y
8960,713,715,702,,697,696,709,710,705,707,711,Y
8965,714,715,704,,697,696,709,710,705,707,711,Y
8970,714,702,704,,698,697,709,710,705,707,711,Y
8975,715,702,,709,698,697,712,708,,,,X
8980,715,704,,709,698,710,712,708,,,,X
8985,716,704,,709,707,710,712,708,,,,X
8990,717,716,,705,709,698,712,708,,,,X
8995,718,716,717,705,709,698,712,708,,,,X
9000,720,716,717,705,709,707,706,713,714,715,719,Y
9005,721,712,717,,710,707,706,713,714,715,719,Y
9010,716,712,708,,710,709,706,713,714,715,719,Y
9015,716,712,708,,710,709,706,713,714,715,719,Y
9020,717,718,720,,705,710,706,713,714,715,719,Y
9025,717,718,720,706,705,710,707,,,,,X
9030,712,718,720,706,705,713,707,,,,,X
9035,712,708,721,706,711,713,707,,,,,X
9040,718,708,721,714,706,705,707,,,,,X
9045,718,,721,714,706,705,707,,,,,X
9050,723,,707,714,706,715,716,717,712,720,722,Y
9055,721,723,707,711,713,715,716,717,712,720,722,Y
9060,721,723,,711,713,706,716,717,712,720,722,Y
9065,724,723,,711,713,706,716,717,712,720,722,Y
9070,725,707,724,719,714,713,716,717,712,720,722,Y
9075,723,707,724,716,714,713,715,711,,,,X
9080,723,725,724,716,714,717,715,711,,,,X
9085,726,725,,716,720,717,715,711,,,,X
9090,724,725,726,712,716,714,715,711,,,,X
9095,724,,726,712,716,714,715,711,,,,X
9100,728,,726,712,716,720,718,721,723,725,727,Y
9105,729,728,715,722,717,720,718,721,723,725,727,Y
9110,726,728,715,,717,716,718,721,723,725,727,Y
9115,726,728,711,,717,716,718,721,723,725,727,Y
9120,730,715,711,,712,717,718,721,723,725,727,Y
9125,728,715,729,718,712,717,719,722,720,,,X
9130,728,711,729,718,712,721,719,722,720,,,X
9135,731,711,729,718,725,721,719,722,720,,,X
9140,732,730,731,723,718,712,719,722,720,,,X
9145,729,730,731,723,718,712,719,722,720,,,X
9150,729,730,731,723,718,725,724,726,728,733,734,Y
9155,735,732,720,727,721,725,724,726,728,733,734,Y
9160,730,732,720,,721,718,724,726,728,733,734,Y
9165,730,732,719,,721,718,724,726,728,733,734,Y
9170,731,720,719,,723,721,724,726,728,733,734,Y
9175,731,720,719,724,723,721,727,725,,,,X
9180,732,722,735,724,723,726,727,725,,,,X
9185,732,722,735,724,733,726,727,725,,,,X
9190,719,722,735,728,724,723,727,725,,,,X
9195,719,,,728,724,723,727,725,,,,X
9200,735,727,725,728,724,,729,730,731,732,722,Y
9205,735,727,725,734,726,724,729,730,731,732,722,Y
9210,736,727,,,726,724,729,730,731,732,722,Y
9215,737,725,736,,726,,729,730,731,732,722,Y
9220,727,725,736,,728,726,729,730,731,732,722,Y
9225,727,737,736,729,728,726,733,734,,,,X
9230,738,737,,729,728,730,733,734,,,,X
9235,736,737,738,729,722,730,733,734,,,,X
9240,736,,738,731,729,728,733,734,,,,X
9245,737,,738,731,729,728,733,734,,,,X
9250,737,733,734,731,729,732,719,735,727,736,739,Y
9255,738,733,734,722,730,732,719,735,727,736,739,Y
9260,738,733,734,722,730,729,719,735,727,736,739,Y
9265,740,,,722,730,729,719,735,727,736,739,Y
9270,733,740,,,731,730,719,735,727,736,739,Y
9275,733,740,,719,731,730,732,722,,,,X
9280,734,740,,719,731,735,732,722,,,,X
9285,734,,,719,739,735,732,722,,,,X
9290,740,,,727,719,731,732,722,,,,X
9295,740,,,727,719,731,732,722,,,,X
9300,742,,732,727,719,736,737,738,733,734,741,Y
9305,743,742,732,,735,736,737,738,733,734,741,Y
9310,744,742,722,,735,719,737,738,733,734,741,Y
9315,745,742,722,,735,719,737,738,733,734,741,Y
9320,746,732,743,,727,735,737,738,733,734,741,Y
9325,742,732,743,737,727,735,739,736,,,,X
9330,742,722,743,737,727,738,739,736,,,,X
9335,747,722,744,737,741,738,739,736,,,,X
9340,743,745,744,733,737,727,739,736,,,,X
9345,743,745,744,733,737,727,739,736,,,,X
9350,751,745,736,733,737,734,740,742,748,749,750,Y
9355,744,746,736,,738,734,740,742,748,749,750,Y
9360,744,746,747,,738,737,740,742,748,749,750,Y
9365,745,746,747,,738,737,740,742,748,749,750,Y
9370,745,736,747,,733,738,740,742,748,749,750,Y
9375,746,736,739,740,733,738,741,734,,,,X
9380,746,751,739,740,733,742,741,734,,,,X
9385,747,751,739,740,748,742,741,734,,,,X
9390,747,751,,749,740,733,741,734,,,,X
9395,739,,,750,740,733,741,734,,,,X
9400,739,741,734,,740,,743,744,745,746,747,Y
9405,751,741,734,,742,740,743,744,745,746,747,Y
9410,751,741,,,742,740,743,744,745,746,747,Y
9415,752,734,,,742,,743,744,745,746,747,Y
9420,741,734,752,,,742,743,744,745,746,747,Y
9425,741,,752,743,,742,748,749,750,,,X
9430,753,,752,743,,744,748,749,750,,,X
9435,754,753,,743,,744,748,749,750,,,X
9440,752,753,754,745,743,746,748,749,750,,,X
9445,752,753,754,745,743,746,748,749,750,,,X
9450,757,748,754,745,743,747,739,751,741,755,756,Y
9455,753,748,749,,744,747,739,751,741,755,756,Y
9460,753,748,749,,744,743,739,751,741,755,756,Y
9465,754,750,749,,744,743,739,751,741,755,756,Y
9470,754,750,757,,746,744,739,751,741,755,756,Y
9475,748,750,757,739,746,744,745,747,,,,X
9480,748,,757,739,746,751,745,747,,,,X
9485,749,,,739,755,751,745,747,,,,X
9490,749,,,741,739,746,745,747,,,,X
9495,750,,,741,739,746,745,747,,,,X
9500,750,,745,741,739,,752,753,754,748,749,Y
9505,757,,745,756,751,739,752,753,754,748,749,Y
9510,757,,747,,751,739,752,753,754,748,749,Y
9515,758,745,747,,751,,752,753,754,748,749,Y
9520,759,745,758,,741,751,752,753,754,748,749,Y
9525,760,747,758,752,741,751,755,756,,,,X
9530,761,747,758,752,741,753,755,756,,,,X
9535,762,759,760,752,,753,755,756,,,,X
9540,758,759,760,754,752,741,755,756,,,,X
9545,758,759,760,754,752,741,755,756,,,,X
9550,766,761,762,754,752,748,750,757,763,764,765,Y
9555,759,761,762,749,753,748,750,757,763,764,765,Y
9560,759,761,762,749,753,752,750,757,763,764,765,Y
9565,760,755,756,749,753,752,750,757,763,764,765,Y
9570,760,755,756,,754,753,750,757,763,764,765,Y
9575,761,755,756,750,754,753,748,749,,,,X
9580,761,766,,750,754,757,748,749,,,,X
9585,762,766,,750,763,757,748,749,,,,X
9590,762,766,,764,750,754,748,749,,,,X
9595,755,,,765,750,754,748,749,,,,X
9600,755,,748,,750,,758,759,760,761,762,Y
9605,756,,748,,757,750,758,759,760,761,762,Y
9610,756,,749,,757,750,758,759,760,761,762,Y
9615,766,748,749,,757,,758,759,760,761,762,Y
9620,766,748,,,,757,758,759,760,761,762,Y
9625,767,749,,758,,757,763,764,765,,,X
9630,768,749,767,758,,759,763,764,765,,,X
9635,769,768,767,758,,759,763,764,765,,,X
9640,770,768,767,760,758,761,763,764,765,,,X
9645,771,768,769,760,758,761,763,764,765,,,X
9650,773,770,769,760,758,762,755,756,766,767,772,Y
9655,768,770,769,,759,762,755,756,766,767,772,Y
9660,768,770,763,,759,758,755,756,766,767,772,Y
9665,769,764,763,,759,758,755,756,766,767,772,Y
9670,769,764,763,,761,759,755,756,766,767,772,Y
9675,770,764,765,755,761,759,760,762,,,,X
9680,770,771,765,755,761,756,760,762,,,,X
9685,763,771,765,755,767,756,760,762,,,,X
9690,763,771,773,766,755,761,760,762,,,,X
9695,764,,773,766,755,761,760,762,,,,X
9700,764,,773,766,755,767,768,769,770,763,765,Y
9705,771,,760,772,756,767,768,769,770,763,765,Y
9710,771,,760,,756,755,768,769,770,763,765,Y
9715,773,,762,,756,755,768,769,770,763,765,Y
9720,773,760,762,,766,756,768,769,770,763,765,Y
9725,774,760,,768,766,756,772,767,,,,X
9730,775,762,774,768,766,769,772,767,,,,X
9735,776,762,774,768,765,769,772,767,,,,X
9740,777,775,774,770,768,766,772,767,,,,X
9745,778,775,776,770,768,766,772,767,,,,X
9750,780,775,776,770,768,763,764,771,773,774,779,Y
9755,781,777,776,765,769,763,764,771,773,774,779,Y
9760,775,777,767,765,769,768,764,771,773,774,779,Y
9765,775,777,767,765,769,768,764,771,773,774,779,Y
9770,776,772,778,,770,769,764,771,773,774,779,Y
9775,776,772,778,764,770,769,763,765,,,,X
9780,777,772,778,764,770,771,763,765,,,,X
9785,777,767,780,764,774,771,763,765,,,,X
9790,772,767,780,773,764,770,763,765,,,,X
9795,772,781,780,773,764,770,763,765,,,,X
9800,783,781,763,773,764,774,775,776,777,778,782,Y
9805,780,781,763,779,771,774,775,776,777,778,782,Y
9810,780,783,765,,771,764,775,776,777,778,782,Y
9815,781,783,765,,771,764,775,776,777,778,782,Y
9820,781,783,,,773,771,775,776,777,778,782,Y
9825,784,763,,775,773,771,779,774,,,,X
9830,783,763,784,775,773,776,779,774,,,,X
9835,783,765,784,775,778,776,779,774,,,,X
9840,785,765,784,777,775,773,779,774,,,,X
9845,786,785,,777,775,773,779,774,,,,X
9850,787,785,774,777,775,778,772,780,781,783,784,Y
9855,788,785,774,782,776,778,772,780,781,783,784,Y
9860,789,779,786,,776,775,772,780,781,783,784,Y
9865,785,779,786,,776,775,772,780,781,783,784,Y
9870,785,779,786,,777,776,772,780,781,783,784,Y
9875,790,774,787,772,777,776,782,778,,,,X
9880,779,774,787,772,777,780,782,778,,,,X
9885,779,788,787,772,784,780,782,778,,,,X
9890,786,788,789,781,772,777,782,778,,,,X
9895,786,788,789,781,772,777,782,778,,,,X
9900,793,790,789,781,772,783,785,779,787,791,792,Y
9905,788,790,778,784,780,783,785,779,787,791,792,Y
9910,788,790,778,784,780,772,785,779,787,791,792,Y
9915,789,782,793,784,780,772,785,779,787,791,792,Y
9920,789,782,793,,781,780,785,779,787,791,792,Y
9925,790,782,793,785,781,780,783,784,,,,X
9930,790,778,,785,781,779,783,784,,,,X
9935,782,778,,785,787,779,783,784,,,,X
9940,782,,,791,785,781,783,784,,,,X
9945,793,,,787,785,781,783,784,,,,X
9950,793,,783,787,785,,786,788,789,790,782,Y
9955,794,,783,787,779,785,786,788,789,790,782,Y
9960,795,794,784,792,779,785,786,788,789,790,782,Y
9965,796,794,784,,779,,786,788,789,790,782,Y
9970,797,794,795,,787,779,786,788,789,790,782,Y
9975,798,783,795,786,787,779,791,792,,,,X
9980,794,783,795,786,787,788,791,792,,,,X
9985,794,784,796,786,,788,791,792,,,,X
9990,795,784,796,789,786,787,791,792,,,,X
9995,795,797,796,789,786,787,791,792,,,,X
10000,802,797,798,789,786,790,793,794,799,800,801,Y
10005,796,797,798,782,788,790,793,794,799,800,801,Y
10010,796,791,798,782,788,786,793,794,799,800,801,Y
10015,797,791,792,782,788,786,793,794,799,800,801,Y
10020,797,791,792,,789,788,793,794,799,800,801,Y
10025,798,802,792,793,789,788,790,782,,,,X
10030,798,802,,793,789,794,790,782,,,,X
10035,791,802,,793,799,794,790,782,,,,X
10040,791,,,800,793,789,790,782,,,,X
10045,792,,,801,793,789,790,782,,,,X
10050,792,,790,,793,,795,796,797,798,791,Y
10055,802,,790,,794,793,795,796,797,798,791,Y
10060,802,,782,,794,793,795,796,797,798,791,Y
10065,803,790,782,,794,,795,796,797,798,791,Y
10070,804,790,803,,,794,795,796,797,798,791,Y
10075,805,782,803,795,,794,799,800,801,,,X
10080,806,782,803,795,,796,799,800,801,,,X
